date,home_team,away_team,home_score,away_score,tournament,country
2022-01-02,Gabon,Burkina Faso,0,3,Friendly,United Arab Emirates
2022-01-02,Sudan,Zimbabwe,0,0,Friendly,Cameroon
2022-01-03,Rwanda,Guinea,3,0,Friendly,Rwanda
2022-01-04,Mauritania,Gabon,1,1,Friendly,United Arab Emirates
2022-01-05,Algeria,Ghana,3,0,Friendly,Qatar
2022-01-06,Rwanda,Guinea,0,2,Friendly,Rwanda
2022-01-12,Iceland,Uganda,1,1,Friendly,Turkey
2022-01-15,South Korea,Iceland,5,1,Friendly,Turkey
2022-01-16,Colombia,Honduras,2,1,Friendly,United States
2022-01-16,Peru,Panama,1,1,Friendly,Peru
2022-01-18,Moldova,Uganda,2,3,Friendly,Turkey
2022-01-20,South Korea,Moldova,4,0,Friendly,Turkey
2022-01-20,Peru,Jamaica,3,0,Friendly,Peru
2022-01-21,Bolivia,Trinidad and Tobago,5,0,Friendly,Bolivia
2022-01-21,Iraq,Uganda,1,0,Friendly,Iraq
2022-01-27,Bahrain,Uganda,3,1,Friendly,Bahrain
2022-01-27,Indonesia,Timor-Leste,4,1,Friendly,Indonesia
2022-01-27,Uzbekistan,South Sudan,3,0,Friendly,United Arab Emirates
2022-01-28,Jordan,New Zealand,3,1,Friendly,United Arab Emirates
2022-01-28,Suriname,Barbados,1,0,Friendly,Suriname
2022-01-29,Kuwait,Libya,2,0,Friendly,Kuwait
2022-01-29,Nepal,Mauritius,1,0,Friendly,Nepal
2022-01-29,Nicaragua,Belize,4,0,Friendly,Nicaragua
2022-01-30,Indonesia,Timor-Leste,3,0,Friendly,Indonesia
2022-02-01,Bahrain,DR Congo,1,0,Friendly,Bahrain
2022-02-01,Kuwait,Libya,0,2,Friendly,Kuwait
2022-02-01,Nepal,Mauritius,1,0,Friendly,Nepal
2022-02-01,Nicaragua,Belize,1,1,Friendly,Nicaragua
2022-02-01,Suriname,Guyana,2,1,Friendly,Suriname
2022-03-18,Iraq,Zambia,3,1,Friendly,Iraq
2022-03-19,Mauritius,Seychelles,0,0,Friendly,Mauritius
2022-03-23,Bahrain,India,2,1,Friendly,Bahrain
2022-03-23,Gibraltar,Grenada,0,0,Friendly,Gibraltar
2022-03-23,Guinea-Bissau,Equatorial Guinea,3,0,Friendly,Portugal
2022-03-23,Guadeloupe,Cape Verde,0,2,Friendly,France
2022-03-23,Laos,Mongolia,1,0,Friendly,Laos
2022-03-23,Malaysia,Philippines,2,0,Friendly,Singapore
2022-03-23,Mozambique,Niger,1,1,Friendly,Mauritania
2022-03-23,Tanzania,Central African Republic,3,1,Friendly,Tanzania
2022-03-24,Armenia,Montenegro,1,0,Friendly,Armenia
2022-03-24,Guatemala,Cuba,1,0,Friendly,Guatemala
2022-03-24,Hungary,Serbia,0,1,Friendly,Hungary
2022-03-24,Kosovo,Burkina Faso,5,0,Friendly,Kosovo
2022-03-24,Liberia,Benin,0,4,Friendly,Turkey
2022-03-24,Maldives,Bangladesh,2,0,Friendly,Maldives
2022-03-24,Scotland,Poland,1,1,Friendly,Scotland
2022-03-24,Thailand,Nepal,2,0,Friendly,Thailand
2022-03-24,Togo,Sierra Leone,3,0,Friendly,Turkey
2022-03-24,Estonia,Cyprus,0,0,UEFA Nations League,Estonia
2022-03-24,Moldova,Kazakhstan,1,2,UEFA Nations League,Moldova
2022-03-25,Andorra,Saint Kitts and Nevis,1,0,Friendly,Andorra
2022-03-25,Bosnia and Herzegovina,Georgia,0,1,Friendly,Bosnia and Herzegovina
2022-03-25,Cape Verde,Liechtenstein,6,0,Friendly,Spain
2022-03-25,Comoros,Ethiopia,2,1,Friendly,Comoros
2022-03-25,Congo,Zambia,1,3,Friendly,Turkey
2022-03-25,France,Ivory Coast,2,1,Friendly,France
2022-03-25,Latvia,Kuwait,1,1,Friendly,Malta
2022-03-25,Luxembourg,Northern Ireland,1,3,Friendly,Luxembourg
2022-03-25,Malta,Azerbaijan,1,0,Friendly,Malta
2022-03-25,Norway,Slovakia,2,0,Friendly,Norway
2022-03-25,Romania,Greece,0,1,Friendly,Romania
2022-03-25,San Marino,Lithuania,1,2,Friendly,San Marino
2022-03-25,South Africa,Guinea,0,0,Friendly,Belgium
2022-03-25,Trinidad and Tobago,Barbados,9,0,Friendly,Trinidad and Tobago
2022-03-26,Angola,Guinea-Bissau,3,2,Friendly,Portugal
2022-03-26,Bahrain,Burundi,1,0,Friendly,Iran
2022-03-26,Belarus,India,3,0,Friendly,Bahrain
2022-03-26,Central African Republic,Sudan,0,0,Friendly,Tanzania
2022-03-26,Croatia,Slovenia,1,1,Friendly,Qatar
2022-03-26,England,Switzerland,2,1,Friendly,England
2022-03-26,Finland,Iceland,1,1,Friendly,Spain
2022-03-26,Germany,Israel,2,0,Friendly,Germany
2022-03-26,Gibraltar,Faroe Islands,0,0,Friendly,Gibraltar
2022-03-26,Libya,Niger,2,1,Friendly,Mauritania
2022-03-26,Mauritania,Mozambique,2,1,Friendly,Mauritania
2022-03-26,Netherlands,Denmark,4,2,Friendly,Netherlands
2022-03-26,Qatar,Bulgaria,2,1,Friendly,Qatar
2022-03-26,Republic of Ireland,Belgium,2,2,Friendly,Republic of Ireland
2022-03-26,Singapore,Malaysia,2,1,Friendly,Singapore
2022-03-26,Spain,Albania,2,1,Friendly,Spain
2022-03-27,Barbados,Guyana,0,5,Friendly,Trinidad and Tobago
2022-03-27,Belize,Cuba,0,3,Friendly,Belize
2022-03-27,Benin,Zambia,2,1,Friendly,Turkey
2022-03-27,Guatemala,Haiti,2,1,Friendly,United States
2022-03-27,Laos,Brunei,3,2,Friendly,Laos
2022-03-27,Liberia,Sierra Leone,0,1,Friendly,Turkey
2022-03-27,Thailand,Suriname,1,0,Friendly,Thailand
2022-03-28,Andorra,Grenada,1,0,Friendly,Andorra
2022-03-28,Cape Verde,San Marino,2,0,Friendly,Spain
2022-03-28,Montenegro,Greece,1,0,Friendly,Montenegro
2022-03-28,Vanuatu,Fiji,1,2,Friendly,Qatar
2022-03-29,Albania,Georgia,0,0,Friendly,Albania
2022-03-29,Angola,Equatorial Guinea,0,0,Friendly,Portugal
2022-03-29,Austria,Scotland,2,2,Friendly,Austria
2022-03-29,Azerbaijan,Latvia,0,1,Friendly,Malta
2022-03-29,Bahrain,Belarus,0,1,Friendly,Bahrain
2022-03-29,Bangladesh,Mongolia,0,0,Friendly,Bangladesh
2022-03-29,Belgium,Burkina Faso,3,0,Friendly,Belgium
2022-03-29,Bosnia and Herzegovina,Luxembourg,1,0,Friendly,Bosnia and Herzegovina
2022-03-29,Congo,Sierra Leone,1,2,Friendly,Turkey
2022-03-29,Croatia,Bulgaria,2,1,Friendly,Qatar
2022-03-29,Denmark,Serbia,3,0,Friendly,Denmark
2022-03-29,England,Ivory Coast,3,0,Friendly,England
2022-03-29,Faroe Islands,Liechtenstein,1,0,Friendly,Spain
2022-03-29,Finland,Slovakia,0,2,Friendly,Spain
2022-03-29,France,South Africa,5,0,Friendly,Algeria
2022-03-29,Israel,Romania,2,2,Friendly,Israel
2022-03-29,Liberia,Burundi,1,2,Friendly,Turkey
2022-03-29,Malta,Kuwait,2,0,Friendly,Malta
2022-03-29,Mauritania,Libya,2,0,Friendly,Mauritania
2022-03-29,Netherlands,Germany,1,1,Friendly,Netherlands
2022-03-29,Northern Ireland,Hungary,0,1,Friendly,Northern Ireland
2022-03-29,Norway,Armenia,9,0,Friendly,Norway
2022-03-29,Qatar,Slovenia,0,0,Friendly,Qatar
2022-03-29,Republic of Ireland,Lithuania,1,0,Friendly,Republic of Ireland
2022-03-29,Singapore,Philippines,2,0,Friendly,Singapore
2022-03-29,Spain,Iceland,5,0,Friendly,Spain
2022-03-29,Switzerland,Kosovo,1,1,Friendly,Switzerland
2022-03-29,Tanzania,Sudan,1,1,Friendly,Tanzania
2022-03-29,Togo,Benin,1,1,Friendly,Turkey
2022-03-29,Trinidad and Tobago,Guyana,1,1,Friendly,Trinidad and Tobago
2022-03-29,Turkey,Italy,2,3,Friendly,Turkey
2022-03-29,Wales,Czech Republic,1,1,Friendly,Wales
2022-03-29,Cyprus,Estonia,2,0,UEFA Nations League,Cyprus
2022-03-29,Kazakhstan,Moldova,0,1,UEFA Nations League,Kazakhstan
2022-04-24,El Salvador,Guatemala,0,4,Friendly,United States
2022-04-27,Mexico,Guatemala,0,0,Friendly,United States
2022-05-12,Bahamas,Turks and Caicos Islands,4,2,Friendly,Bahamas
2022-05-12,Dominica,Saint Vincent and the Grenadines,2,1,Friendly,Dominica
2022-05-14,Bahamas,Turks and Caicos Islands,1,2,Friendly,Bahamas
2022-05-15,Dominica,Saint Vincent and the Grenadines,3,1,Friendly,Dominica
2022-05-24,Mozambique,Eswatini,0,1,Friendly,Mozambique
2022-05-24,Thailand,Bahrain,3,1,Friendly,Thailand
2022-05-27,Bahrain,Myanmar,2,0,Friendly,Thailand
2022-05-27,Malaysia,Brunei,4,0,Friendly,Malaysia
2022-05-27,Thailand,Turkmenistan,1,0,Friendly,Thailand
2022-05-28,Ethiopia,Lesotho,1,1,Friendly,Ethiopia
2022-05-28,India,Jordan,0,2,Friendly,Qatar
2022-05-28,Mexico,Nigeria,2,1,Friendly,United States
2022-05-29,United Arab Emirates,Gambia,1,1,Friendly,United Arab Emirates
2022-05-30,Ethiopia,Lesotho,1,1,Friendly,Ethiopia
2022-05-30,Trinidad and Tobago,Saint Lucia,1,0,Friendly,Trinidad and Tobago
2022-05-31,Thailand,Bahrain,1,2,Friendly,Thailand
2022-06-01,Poland,Wales,2,1,UEFA Nations League,Poland
2022-06-01,Australia,Jordan,2,1,Friendly,Qatar
2022-06-01,Indonesia,Bangladesh,0,0,Friendly,Indonesia
2022-06-01,Malta,Venezuela,0,1,Friendly,Malta
2022-06-01,Kuwait,Singapore,2,0,Friendly,United Arab Emirates
2022-06-01,Malaysia,Hong Kong,2,0,Friendly,Malaysia
2022-06-01,Syria,Tajikistan,1,0,Friendly,United Arab Emirates
2022-06-01,United States,Morocco,3,0,Friendly,United States
2022-06-01,Vietnam,Afghanistan,2,0,Friendly,Vietnam
2022-06-02,Czech Republic,Switzerland,2,1,UEFA Nations League,Czech Republic
2022-06-02,Spain,Portugal,1,1,UEFA Nations League,Spain
2022-06-02,Israel,Iceland,2,2,UEFA Nations League,Israel
2022-06-02,Serbia,Norway,0,1,UEFA Nations League,Serbia
2022-06-02,Slovenia,Sweden,0,2,UEFA Nations League,Slovenia
2022-06-02,Northern Ireland,Greece,0,1,UEFA Nations League,Northern Ireland
2022-06-02,Cyprus,Kosovo,0,2,UEFA Nations League,Cyprus
2022-06-02,Georgia,Gibraltar,4,0,UEFA Nations League,Georgia
2022-06-02,Bulgaria,North Macedonia,1,1,UEFA Nations League,Bulgaria
2022-06-02,Estonia,San Marino,2,0,UEFA Nations League,Estonia
2022-06-02,Cambodia,Timor-Leste,2,1,Friendly,Cambodia
2022-06-02,Ecuador,Nigeria,1,0,Friendly,United States
2022-06-02,Japan,Paraguay,4,1,Friendly,Japan
2022-06-02,South Korea,Brazil,1,5,Friendly,South Korea
2022-06-02,Mexico,Uruguay,0,3,Friendly,United States
2022-06-03,Croatia,Austria,0,3,UEFA Nations League,Croatia
2022-06-03,France,Denmark,1,2,UEFA Nations League,France
2022-06-03,Belgium,Netherlands,1,4,UEFA Nations League,Belgium
2022-06-03,Kazakhstan,Azerbaijan,2,0,UEFA Nations League,Kazakhstan
2022-06-03,Belarus,Slovakia,0,1,UEFA Nations League,Serbia
2022-06-03,Liechtenstein,Moldova,0,2,UEFA Nations League,Liechtenstein
2022-06-03,Latvia,Andorra,3,0,UEFA Nations League,Latvia
2022-06-03,Nepal,Oman,0,2,Friendly,Qatar
2022-06-04,Hungary,England,1,0,UEFA Nations League,Hungary
2022-06-04,Italy,Germany,1,1,UEFA Nations League,Italy
2022-06-04,Armenia,Republic of Ireland,1,0,UEFA Nations League,Armenia
2022-06-04,Finland,Bosnia and Herzegovina,1,1,UEFA Nations League,Finland
2022-06-04,Montenegro,Romania,2,0,UEFA Nations League,Montenegro
2022-06-04,Lithuania,Luxembourg,0,2,UEFA Nations League,Lithuania
2022-06-04,Turkey,Faroe Islands,4,0,UEFA Nations League,Turkey
2022-06-05,Portugal,Switzerland,4,0,UEFA Nations League,Portugal
2022-06-05,Czech Republic,Spain,2,2,UEFA Nations League,Czech Republic
2022-06-05,Serbia,Slovenia,4,1,UEFA Nations League,Serbia
2022-06-05,Sweden,Norway,1,2,UEFA Nations League,Sweden
2022-06-05,Cyprus,Northern Ireland,0,0,UEFA Nations League,Cyprus
2022-06-05,Kosovo,Greece,0,1,UEFA Nations League,Kosovo
2022-06-05,Gibraltar,North Macedonia,0,2,UEFA Nations League,Gibraltar
2022-06-05,Bulgaria,Georgia,2,5,UEFA Nations League,Bulgaria
2022-06-05,San Marino,Malta,0,2,UEFA Nations League,San Marino
2022-06-05,Argentina,Estonia,5,0,Friendly,Spain
2022-06-05,Mexico,Ecuador,0,0,Friendly,United States
2022-06-05,Peru,New Zealand,1,0,Friendly,Spain
2022-06-05,Saudi Arabia,Colombia,0,1,Friendly,Spain
2022-06-05,United States,Uruguay,0,0,Friendly,United States
2022-06-06,Austria,Denmark,1,2,UEFA Nations League,Austria
2022-06-06,Croatia,France,1,1,UEFA Nations League,Croatia
2022-06-06,Iceland,Albania,1,1,UEFA Nations League,Iceland
2022-06-06,Belarus,Azerbaijan,0,0,UEFA Nations League,Serbia
2022-06-06,Slovakia,Kazakhstan,0,1,UEFA Nations League,Slovakia
2022-06-06,Latvia,Liechtenstein,1,0,UEFA Nations League,Latvia
2022-06-06,Andorra,Moldova,0,0,UEFA Nations League,Andorra
2022-06-06,South Korea,Chile,2,0,Friendly,South Korea
2022-06-06,Japan,Brazil,0,1,Friendly,Japan
2022-06-07,Germany,England,1,1,UEFA Nations League,Germany
2022-06-07,Italy,Hungary,2,1,UEFA Nations League,Italy
2022-06-07,Finland,Montenegro,2,0,UEFA Nations League,Finland
2022-06-07,Bosnia and Herzegovina,Romania,1,0,UEFA Nations League,Bosnia and Herzegovina
2022-06-07,Faroe Islands,Luxembourg,0,1,UEFA Nations League,Faroe Islands
2022-06-07,Lithuania,Turkey,0,6,UEFA Nations League,Lithuania
2022-06-08,Wales,Netherlands,1,2,UEFA Nations League,Wales
2022-06-08,Belgium,Poland,6,1,UEFA Nations League,Belgium
2022-06-08,Republic of Ireland,Ukraine,0,1,UEFA Nations League,Republic of Ireland
2022-06-08,Scotland,Armenia,2,0,UEFA Nations League,Scotland
2022-06-09,Portugal,Czech Republic,2,0,UEFA Nations League,Portugal
2022-06-09,Switzerland,Spain,0,1,UEFA Nations League,Switzerland
2022-06-09,Norway,Slovenia,0,0,UEFA Nations League,Norway
2022-06-09,Sweden,Serbia,0,1,UEFA Nations League,Sweden
2022-06-09,Kosovo,Northern Ireland,3,2,UEFA Nations League,Kosovo
2022-06-09,Greece,Cyprus,3,0,UEFA Nations League,Greece
2022-06-09,Gibraltar,Bulgaria,1,1,UEFA Nations League,Gibraltar
2022-06-09,North Macedonia,Georgia,0,3,UEFA Nations League,North Macedonia
2022-06-09,Malta,Estonia,1,2,UEFA Nations League,Malta
2022-06-09,New Zealand,Oman,0,0,Friendly,Qatar
2022-06-09,San Marino,Iceland,0,1,Friendly,San Marino
2022-06-09,Saudi Arabia,Venezuela,0,1,Friendly,Spain
2022-06-10,Austria,France,1,1,UEFA Nations League,Austria
2022-06-10,Denmark,Croatia,0,1,UEFA Nations League,Denmark
2022-06-10,Albania,Israel,1,2,UEFA Nations League,Albania
2022-06-10,Azerbaijan,Slovakia,0,1,UEFA Nations League,Azerbaijan
2022-06-10,Belarus,Kazakhstan,1,1,UEFA Nations League,Serbia
2022-06-10,Moldova,Latvia,2,4,UEFA Nations League,Moldova
2022-06-10,Andorra,Liechtenstein,2,1,UEFA Nations League,Andorra
2022-06-10,South Korea,Paraguay,2,2,Friendly,South Korea
2022-06-11,England,Italy,0,0,UEFA Nations League,England
2022-06-11,Hungary,Germany,1,1,UEFA Nations League,Hungary
2022-06-11,Wales,Belgium,1,1,UEFA Nations League,Wales
2022-06-11,Netherlands,Poland,2,2,UEFA Nations League,Netherlands
2022-06-11,Ukraine,Armenia,3,0,UEFA Nations League,Poland
2022-06-11,Republic of Ireland,Scotland,3,0,UEFA Nations League,Republic of Ireland
2022-06-11,Montenegro,Bosnia and Herzegovina,1,1,UEFA Nations League,Montenegro
2022-06-11,Romania,Finland,1,0,UEFA Nations League,Romania
2022-06-11,Faroe Islands,Lithuania,2,1,UEFA Nations League,Faroe Islands
2022-06-11,Luxembourg,Turkey,0,2,UEFA Nations League,Luxembourg
2022-06-11,Ecuador,Cape Verde,1,0,Friendly,United States
2022-06-11,Uruguay,Panama,5,0,Friendly,Uruguay
2022-06-12,Spain,Czech Republic,2,0,UEFA Nations League,Spain
2022-06-12,Switzerland,Portugal,1,0,UEFA Nations League,Switzerland
2022-06-12,Norway,Sweden,3,2,UEFA Nations League,Norway
2022-06-12,Slovenia,Serbia,2,2,UEFA Nations League,Slovenia
2022-06-12,Northern Ireland,Cyprus,2,2,UEFA Nations League,Northern Ireland
2022-06-12,Greece,Kosovo,2,0,UEFA Nations League,Greece
2022-06-12,North Macedonia,Gibraltar,4,0,UEFA Nations League,North Macedonia
2022-06-12,Georgia,Bulgaria,0,0,UEFA Nations League,Georgia
2022-06-12,Malta,San Marino,1,0,UEFA Nations League,Malta
2022-06-12,Iran,Algeria,1,2,Friendly,Qatar
2022-06-13,Denmark,Austria,2,0,UEFA Nations League,Denmark
2022-06-13,France,Croatia,0,1,UEFA Nations League,France
2022-06-13,Iceland,Israel,2,2,UEFA Nations League,Iceland
2022-06-13,Azerbaijan,Belarus,2,0,UEFA Nations League,Azerbaijan
2022-06-13,Kazakhstan,Slovakia,2,1,UEFA Nations League,Kazakhstan
2022-06-13,Albania,Estonia,0,0,Friendly,Albania
2022-06-14,England,Hungary,0,4,UEFA Nations League,England
2022-06-14,Germany,Italy,5,2,UEFA Nations League,Germany
2022-06-14,Netherlands,Wales,3,2,UEFA Nations League,Netherlands
2022-06-14,Poland,Belgium,0,1,UEFA Nations League,Poland
2022-06-14,Armenia,Scotland,1,4,UEFA Nations League,Armenia
2022-06-14,Ukraine,Republic of Ireland,1,1,UEFA Nations League,Poland
2022-06-14,Bosnia and Herzegovina,Finland,3,2,UEFA Nations League,Bosnia and Herzegovina
2022-06-14,Romania,Montenegro,0,3,UEFA Nations League,Romania
2022-06-14,Luxembourg,Faroe Islands,2,2,UEFA Nations League,Luxembourg
2022-06-14,Turkey,Lithuania,2,0,UEFA Nations League,Turkey
2022-06-14,Moldova,Andorra,2,1,UEFA Nations League,Moldova
2022-06-14,Liechtenstein,Latvia,0,2,UEFA Nations League,Liechtenstein
2022-06-14,South Korea,Egypt,4,1,Friendly,South Korea
2022-07-16,Elba Island,Raetia,5,0,Friendly,Italy
2022-08-07,Raetia,Tibet,3,3,Friendly,Switzerland
2022-08-31,Mexico,Paraguay,0,1,Friendly,United States
2022-09-21,Brunei,Maldives,0,3,Friendly,Brunei
2022-09-21,Hong Kong,Myanmar,2,0,Friendly,Hong Kong
2022-09-21,Libya,Uganda,0,0,Friendly,Libya
2022-09-21,San Marino,Seychelles,0,0,Friendly,San Marino
2022-09-21,Vietnam,Singapore,4,0,Friendly,Vietnam
2022-09-21,Scotland,Ukraine,3,0,UEFA Nations League,Scotland
2022-09-22,Australia,New Zealand,1,0,Friendly,Australia
2022-09-22,Cambodia,Bangladesh,0,1,Friendly,Cambodia
2022-09-22,Comoros,Tunisia,0,1,Friendly,France
2022-09-22,Iceland,Venezuela,1,0,Friendly,Austria
2022-09-22,Suriname,Nicaragua,2,1,Friendly,Netherlands
2022-09-22,Croatia,Denmark,2,1,UEFA Nations League,Croatia
2022-09-22,France,Austria,2,0,UEFA Nations League,France
2022-09-22,Belgium,Wales,2,1,UEFA Nations League,Belgium
2022-09-22,Poland,Netherlands,0,2,UEFA Nations League,Poland
2022-09-22,Lithuania,Faroe Islands,1,1,UEFA Nations League,Lithuania
2022-09-22,Turkey,Luxembourg,3,3,UEFA Nations League,Turkey
2022-09-22,Kazakhstan,Belarus,2,1,UEFA Nations League,Kazakhstan
2022-09-22,Slovakia,Azerbaijan,1,2,UEFA Nations League,Slovakia
2022-09-22,Latvia,Moldova,1,2,UEFA Nations League,Latvia
2022-09-22,Liechtenstein,Andorra,0,2,UEFA Nations League,Liechtenstein
2022-09-23,Algeria,Guinea,1,0,Friendly,Algeria
2022-09-23,Argentina,Honduras,3,0,Friendly,United States
2022-09-23,Bahrain,Cape Verde,1,2,Friendly,Bahrain
2022-09-23,Brazil,Ghana,3,0,Friendly,France
2022-09-23,Cameroon,Uzbekistan,0,2,Friendly,South Korea
2022-09-23,Canada,Qatar,2,0,Friendly,Austria
2022-09-23,DR Congo,Burkina Faso,0,1,Friendly,Morocco
2022-09-23,Egypt,Niger,3,0,Friendly,Egypt
2022-09-23,Iran,Uruguay,1,0,Friendly,Austria
2022-09-23,South Korea,Costa Rica,2,2,Friendly,South Korea
2022-09-23,Mali,Zambia,1,0,Friendly,Mali
2022-09-23,Morocco,Chile,2,0,Friendly,Spain
2022-09-23,Paraguay,United Arab Emirates,1,0,Friendly,Austria
2022-09-23,Rwanda,Equatorial Guinea,0,0,Friendly,Egypt
2022-09-23,Saudi Arabia,Ecuador,0,0,Friendly,Spain
2022-09-23,Germany,Hungary,0,1,UEFA Nations League,Germany
2022-09-23,Italy,England,1,0,UEFA Nations League,Italy
2022-09-23,Bosnia and Herzegovina,Montenegro,1,0,UEFA Nations League,Bosnia and Herzegovina
2022-09-23,Finland,Romania,1,1,UEFA Nations League,Finland
2022-09-23,Georgia,North Macedonia,2,0,UEFA Nations League,Georgia
2022-09-23,Bulgaria,Gibraltar,5,1,UEFA Nations League,Bulgaria
2022-09-23,Estonia,Malta,2,1,UEFA Nations League,Estonia
2022-09-24,Bolivia,Senegal,0,2,Friendly,France
2022-09-24,Colombia,Guatemala,4,1,Friendly,United States
2022-09-24,Grenada,Saint Vincent and the Grenadines,1,3,Friendly,Grenada
2022-09-24,Hong Kong,Myanmar,0,0,Friendly,Hong Kong
2022-09-24,India,Singapore,1,1,Friendly,Vietnam
2022-09-24,Indonesia,Curaçao,3,2,Friendly,Indonesia
2022-09-24,Ivory Coast,Togo,2,1,Friendly,France
2022-09-24,Laos,Maldives,1,3,Friendly,Brunei
2022-09-24,Madagascar,Congo,3,3,Friendly,Morocco
2022-09-24,Mauritania,Benin,1,0,Friendly,Morocco
2022-09-24,Mexico,Peru,1,0,Friendly,United States
2022-09-24,South Africa,Sierra Leone,4,0,Friendly,South Africa
2022-09-24,Tanzania,Uganda,1,0,Friendly,Libya
2022-09-24,Kyrgyzstan,Russia,1,2,Friendly,Kyrgyzstan
2022-09-24,Czech Republic,Portugal,0,4,UEFA Nations League,Czech Republic
2022-09-24,Spain,Switzerland,1,2,UEFA Nations League,Spain
2022-09-24,Armenia,Ukraine,0,5,UEFA Nations League,Armenia
2022-09-24,Scotland,Republic of Ireland,2,1,UEFA Nations League,Scotland
2022-09-24,Israel,Albania,2,1,UEFA Nations League,Israel
2022-09-24,Slovenia,Norway,2,1,UEFA Nations League,Slovenia
2022-09-24,Serbia,Sweden,4,1,UEFA Nations League,Serbia
2022-09-24,Northern Ireland,Kosovo,2,1,UEFA Nations League,Northern Ireland
2022-09-24,Cyprus,Greece,1,0,UEFA Nations League,Cyprus
2022-09-25,New Zealand,Australia,0,2,Friendly,New Zealand
2022-09-25,Niger,Liberia,0,0,Friendly,Egypt
2022-09-25,Austria,Croatia,1,3,UEFA Nations League,Austria
2022-09-25,Denmark,France,2,0,UEFA Nations League,Denmark
2022-09-25,Wales,Poland,0,1,UEFA Nations League,Wales
2022-09-25,Netherlands,Belgium,1,0,UEFA Nations League,Netherlands
2022-09-25,Faroe Islands,Turkey,2,1,UEFA Nations League,Faroe Islands
2022-09-25,Luxembourg,Lithuania,1,0,UEFA Nations League,Luxembourg
2022-09-25,Slovakia,Belarus,1,1,UEFA Nations League,Serbia
2022-09-25,Azerbaijan,Kazakhstan,3,0,UEFA Nations League,Azerbaijan
2022-09-25,Andorra,Latvia,1,1,UEFA Nations League,Andorra
2022-09-25,Moldova,Liechtenstein,2,0,UEFA Nations League,Moldova
2022-09-26,Ethiopia,Sudan,2,2,Friendly,Ethiopia
2022-09-26,England,Germany,3,3,UEFA Nations League,England
2022-09-26,Hungary,Italy,0,2,UEFA Nations League,Hungary
2022-09-26,Montenegro,Finland,0,2,UEFA Nations League,Montenegro
2022-09-26,Romania,Bosnia and Herzegovina,4,1,UEFA Nations League,Romania
2022-09-26,Gibraltar,Georgia,1,2,UEFA Nations League,Gibraltar
2022-09-26,North Macedonia,Bulgaria,0,1,UEFA Nations League,North Macedonia
2022-09-26,San Marino,Estonia,0,4,UEFA Nations League,San Marino
2022-09-27,Algeria,Nigeria,2,1,Friendly,Algeria
2022-09-27,Argentina,Jamaica,3,0,Friendly,United States
2022-09-27,Bahrain,Panama,0,2,Friendly,Bahrain
2022-09-27,Brazil,Tunisia,5,1,Friendly,France
2022-09-27,Brunei,Laos,1,0,Friendly,Brunei
2022-09-27,Burkina Faso,Comoros,2,1,Friendly,Morocco
2022-09-27,Canada,Uruguay,0,2,Friendly,Slovakia
2022-09-27,DR Congo,Sierra Leone,3,0,Friendly,Morocco
2022-09-27,Costa Rica,Uzbekistan,2,1,Friendly,South Korea
2022-09-27,Egypt,Liberia,3,0,Friendly,Egypt
2022-09-27,Equatorial Guinea,Togo,2,2,Friendly,Morocco
2022-09-27,Ghana,Nicaragua,1,0,Friendly,Spain
2022-09-27,Honduras,Guatemala,2,1,Friendly,United States
2022-09-27,Indonesia,Curaçao,2,1,Friendly,Indonesia
2022-09-27,Iran,Senegal,1,1,Friendly,Austria
2022-09-27,Ivory Coast,Guinea,3,1,Friendly,France
2022-09-27,South Korea,Cameroon,1,0,Friendly,South Korea
2022-09-27,Libya,Tanzania,2,1,Friendly,Libya
2022-09-27,Madagascar,Benin,3,1,Friendly,Morocco
2022-09-27,Malta,Israel,2,1,Friendly,Malta
2022-09-27,Mauritania,Congo,2,0,Friendly,Morocco
2022-09-27,Mexico,Colombia,2,3,Friendly,United States
2022-09-27,Nepal,Bangladesh,3,1,Friendly,Nepal
2022-09-27,Paraguay,Morocco,0,0,Friendly,Spain
2022-09-27,Peru,El Salvador,4,1,Friendly,United States
2022-09-27,Qatar,Chile,2,2,Friendly,Austria
2022-09-27,Saudi Arabia,United States,0,0,Friendly,Spain
2022-09-27,South Africa,Botswana,1,0,Friendly,South Africa
2022-09-27,United Arab Emirates,Venezuela,0,4,Friendly,Austria
2022-09-27,Vietnam,India,3,0,Friendly,Vietnam
2022-09-27,Portugal,Spain,0,1,UEFA Nations League,Portugal
2022-09-27,Switzerland,Czech Republic,2,1,UEFA Nations League,Switzerland
2022-09-27,Republic of Ireland,Armenia,3,2,UEFA Nations League,Republic of Ireland
2022-09-27,Ukraine,Scotland,0,0,UEFA Nations League,Poland
2022-09-27,Albania,Iceland,1,1,UEFA Nations League,Albania
2022-09-27,Norway,Serbia,0,2,UEFA Nations League,Norway
2022-09-27,Sweden,Slovenia,1,1,UEFA Nations League,Sweden
2022-09-27,Kosovo,Cyprus,5,1,UEFA Nations League,Kosovo
2022-09-27,Greece,Northern Ireland,3,1,UEFA Nations League,Greece
2022-10-01,Saint Vincent and the Grenadines,Grenada,1,5,Friendly,Saint Vincent and the Grenadines
2022-10-22,Saudi Arabia,North Macedonia,1,0,Friendly,United Arab Emirates
2022-10-23,Qatar,Guatemala,2,0,Friendly,Spain
2022-10-26,Saudi Arabia,Albania,1,1,Friendly,United Arab Emirates
2022-10-27,Qatar,Honduras,1,0,Friendly,Spain
2022-10-30,Saudi Arabia,Honduras,0,0,Friendly,United Arab Emirates
2022-11-06,Saudi Arabia,Iceland,1,0,Friendly,United Arab Emirates
2022-11-07,Qatar,Panama,2,1,Friendly,Spain
2022-11-09,Albania,Qatar,0,1,Friendly,Spain
2022-11-09,Cameroon,Jamaica,1,1,Friendly,Cameroon
2022-11-09,Costa Rica,Nigeria,2,0,Friendly,Costa Rica
2022-11-09,Mexico,Iraq,4,0,Friendly,Spain
2022-11-10,Iran,Nicaragua,1,0,Friendly,Iran
2022-11-10,Saudi Arabia,Panama,1,1,Friendly,United Arab Emirates
2022-11-11,Bahrain,Canada,2,2,Friendly,Bahrain
2022-11-11,South Korea,Iceland,1,0,Friendly,South Korea
2022-11-12,Iraq,Ecuador,0,0,Friendly,Spain
2022-11-13,Syria,Algeria,0,1,Friendly,United Arab Emirates
2022-11-13,West Papua,Raetia,1,1,Friendly,Netherlands
2022-11-15,Venezuela,Panama,2,2,Friendly,United Arab Emirates
2022-11-16,Albania,Italy,1,3,Friendly,Albania
2022-11-16,Algeria,Mali,1,1,Friendly,Algeria
2022-11-16,Andorra,Austria,0,1,Friendly,Spain
2022-11-16,Cyprus,Bulgaria,0,2,Friendly,Cyprus
2022-11-16,Czech Republic,Faroe Islands,5,0,Friendly,Czech Republic
2022-11-16,Dominican Republic,Cuba,2,4,Friendly,Dominican Republic
2022-11-16,Gibraltar,Liechtenstein,2,0,Friendly,Gibraltar
2022-11-16,Iran,Tunisia,0,2,Friendly,Qatar
2022-11-16,Ivory Coast,Burundi,4,0,Friendly,Morocco
2022-11-16,Kosovo,Armenia,2,2,Friendly,Kosovo
2022-11-16,Mexico,Sweden,1,2,Friendly,Spain
2022-11-16,Moldova,Azerbaijan,1,2,Friendly,Moldova
2022-11-16,Nepal,Pakistan,1,0,Friendly,Nepal
2022-11-16,Nicaragua,El Salvador,1,0,Friendly,Nicaragua
2022-11-16,Oman,Germany,0,1,Friendly,Oman
2022-11-16,Peru,Paraguay,1,0,Friendly,Peru
2022-11-16,Poland,Chile,1,0,Friendly,Poland
2022-11-16,Saudi Arabia,Croatia,0,1,Friendly,Saudi Arabia
2022-11-16,Turkey,Scotland,2,1,Friendly,Turkey
2022-11-16,United Arab Emirates,Argentina,0,5,Friendly,United Arab Emirates
2022-11-16,Uzbekistan,Kazakhstan,2,0,Friendly,Uzbekistan
2022-11-17,Angola,Botswana,1,0,Friendly,South Africa
2022-11-17,Gabon,Guinea-Bissau,3,1,Friendly,Turkey
2022-11-17,Israel,Zambia,4,2,Friendly,Israel
2022-11-17,Japan,Canada,1,2,Friendly,United Arab Emirates
2022-11-17,Jordan,Spain,1,3,Friendly,Jordan
2022-11-17,Luxembourg,Hungary,2,2,Friendly,Luxembourg
2022-11-17,Malta,Greece,2,2,Friendly,Malta
2022-11-17,Montenegro,Slovakia,2,2,Friendly,Montenegro
2022-11-17,Morocco,Georgia,3,0,Friendly,United Arab Emirates
2022-11-17,Niger,Libya,2,3,Friendly,Turkey
2022-11-17,North Macedonia,Finland,1,1,Friendly,North Macedonia
2022-11-17,Portugal,Nigeria,4,0,Friendly,Portugal
2022-11-17,Republic of Ireland,Norway,1,2,Friendly,Republic of Ireland
2022-11-17,Romania,Slovenia,1,2,Friendly,Romania
2022-11-17,Rwanda,Sudan,0,0,Friendly,Rwanda
2022-11-17,South Africa,Mozambique,2,1,Friendly,South Africa
2022-11-17,Saint Lucia,San Marino,1,1,Friendly,Saint Lucia
2022-11-17,Switzerland,Ghana,0,2,Friendly,United Arab Emirates
2022-11-17,Syria,Belarus,0,1,Friendly,United Arab Emirates
2022-11-17,Tajikistan,Russia,0,0,Friendly,Tajikistan
2022-11-18,Bahrain,Serbia,1,5,Friendly,Bahrain
2022-11-18,Cameroon,Panama,1,1,Friendly,United Arab Emirates
2022-11-18,Dominican Republic,Cuba,1,1,Friendly,Dominican Republic
2022-11-18,Egypt,Belgium,2,1,Friendly,Kuwait
2022-11-19,Albania,Armenia,2,0,Friendly,Albania
2022-11-19,Colombia,Paraguay,2,0,Friendly,United States
2022-11-19,Gibraltar,Andorra,1,0,Friendly,Gibraltar
2022-11-19,Guatemala,Nicaragua,3,1,Friendly,United States
2022-11-19,Ivory Coast,Burkina Faso,1,2,Friendly,Morocco
2022-11-19,Kosovo,Faroe Islands,1,1,Friendly,Kosovo
2022-11-19,Kuwait,Lebanon,2,0,Friendly,United Arab Emirates
2022-11-19,Peru,Bolivia,1,0,Friendly,Peru
2022-11-19,Rwanda,Sudan,1,0,Friendly,Rwanda
2022-11-19,Sweden,Algeria,2,0,Friendly,Sweden
2022-11-19,Turkey,Czech Republic,2,1,Friendly,Turkey
2022-11-19,United Arab Emirates,Kazakhstan,2,1,Friendly,United Arab Emirates
2022-11-20,Austria,Italy,2,0,Friendly,Austria
2022-11-20,Gambia,Guinea-Bissau,0,0,Friendly,Turkey
2022-11-20,Hungary,Greece,2,1,Friendly,Hungary
2022-11-20,Israel,Cyprus,2,3,Friendly,Israel
2022-11-20,Luxembourg,Bulgaria,0,0,Friendly,Luxembourg
2022-11-20,Malta,Republic of Ireland,0,1,Friendly,Malta
2022-11-20,Moldova,Romania,0,5,Friendly,Moldova
2022-11-20,Niger,Gabon,1,3,Friendly,Turkey
2022-11-20,North Macedonia,Azerbaijan,1,3,Friendly,North Macedonia
2022-11-20,Norway,Finland,1,1,Friendly,Norway
2022-11-20,Oman,Belarus,2,0,Friendly,United Arab Emirates
2022-11-20,Slovakia,Chile,0,0,Friendly,Slovakia
2022-11-20,Slovenia,Montenegro,1,0,Friendly,Slovenia
2022-11-20,South Africa,Angola,1,1,Friendly,South Africa
2022-11-20,Saint Lucia,San Marino,1,0,Friendly,Saint Lucia
2022-11-20,Syria,Venezuela,1,2,Friendly,United Arab Emirates
2022-11-20,Uzbekistan,Russia,0,0,Friendly,Uzbekistan
2022-11-20,Qatar,Ecuador,0,2,FIFA World Cup,Qatar
2022-11-21,Senegal,Netherlands,0,2,FIFA World Cup,Qatar
2022-11-21,England,Iran,6,2,FIFA World Cup,Qatar
2022-11-21,United States,Wales,1,1,FIFA World Cup,Qatar
2022-11-22,Argentina,Saudi Arabia,1,2,FIFA World Cup,Qatar
2022-11-22,Mexico,Poland,0,0,FIFA World Cup,Qatar
2022-11-22,Denmark,Tunisia,0,0,FIFA World Cup,Qatar
2022-11-22,France,Australia,4,1,FIFA World Cup,Qatar
2022-11-23,Germany,Japan,1,2,FIFA World Cup,Qatar
2022-11-23,Spain,Costa Rica,7,0,FIFA World Cup,Qatar
2022-11-23,Morocco,Croatia,0,0,FIFA World Cup,Qatar
2022-11-23,Belgium,Canada,1,0,FIFA World Cup,Qatar
2022-11-24,Switzerland,Cameroon,1,0,FIFA World Cup,Qatar
2022-11-24,Brazil,Serbia,2,0,FIFA World Cup,Qatar
2022-11-24,Uruguay,South Korea,0,0,FIFA World Cup,Qatar
2022-11-24,Portugal,Ghana,3,2,FIFA World Cup,Qatar
2022-11-25,Qatar,Senegal,1,3,FIFA World Cup,Qatar
2022-11-25,Netherlands,Ecuador,1,1,FIFA World Cup,Qatar
2022-11-25,Wales,Iran,0,2,FIFA World Cup,Qatar
2022-11-25,England,United States,0,0,FIFA World Cup,Qatar
2022-11-26,Poland,Saudi Arabia,2,0,FIFA World Cup,Qatar
2022-11-26,Argentina,Mexico,2,0,FIFA World Cup,Qatar
2022-11-26,Tunisia,Australia,0,1,FIFA World Cup,Qatar
2022-11-26,France,Denmark,2,1,FIFA World Cup,Qatar
2022-11-27,Japan,Costa Rica,0,1,FIFA World Cup,Qatar
2022-11-27,Spain,Germany,1,1,FIFA World Cup,Qatar
2022-11-27,Belgium,Morocco,0,2,FIFA World Cup,Qatar
2022-11-27,Croatia,Canada,4,1,FIFA World Cup,Qatar
2022-11-28,Cameroon,Serbia,3,3,FIFA World Cup,Qatar
2022-11-28,Brazil,Switzerland,1,0,FIFA World Cup,Qatar
2022-11-28,South Korea,Ghana,2,3,FIFA World Cup,Qatar
2022-11-28,Portugal,Uruguay,2,0,FIFA World Cup,Qatar
2022-11-29,Ecuador,Senegal,1,2,FIFA World Cup,Qatar
2022-11-29,Qatar,Netherlands,0,2,FIFA World Cup,Qatar
2022-11-29,Wales,England,0,3,FIFA World Cup,Qatar
2022-11-29,Iran,United States,0,1,FIFA World Cup,Qatar
2022-11-30,Poland,Argentina,0,2,FIFA World Cup,Qatar
2022-11-30,Saudi Arabia,Mexico,1,2,FIFA World Cup,Qatar
2022-11-30,Australia,Denmark,1,0,FIFA World Cup,Qatar
2022-11-30,Tunisia,France,1,0,FIFA World Cup,Qatar
2022-12-01,Japan,Spain,2,1,FIFA World Cup,Qatar
2022-12-01,Costa Rica,Germany,2,4,FIFA World Cup,Qatar
2022-12-01,Croatia,Belgium,0,0,FIFA World Cup,Qatar
2022-12-01,Canada,Morocco,1,2,FIFA World Cup,Qatar
2022-12-02,Serbia,Switzerland,2,3,FIFA World Cup,Qatar
2022-12-02,Cameroon,Brazil,1,0,FIFA World Cup,Qatar
2022-12-02,Ghana,Uruguay,0,2,FIFA World Cup,Qatar
2022-12-02,South Korea,Portugal,2,1,FIFA World Cup,Qatar
2022-12-03,Netherlands,United States,3,1,FIFA World Cup,Qatar
2022-12-03,Argentina,Australia,2,1,FIFA World Cup,Qatar
2022-12-04,France,Poland,3,1,FIFA World Cup,Qatar
2022-12-04,England,Senegal,3,0,FIFA World Cup,Qatar
2022-12-05,Japan,Croatia,1,1,FIFA World Cup,Qatar
2022-12-05,Brazil,South Korea,4,1,FIFA World Cup,Qatar
2022-12-06,Morocco,Spain,0,0,FIFA World Cup,Qatar
2022-12-06,Portugal,Switzerland,6,1,FIFA World Cup,Qatar
2022-12-09,Croatia,Brazil,1,1,FIFA World Cup,Qatar
2022-12-09,Netherlands,Argentina,2,2,FIFA World Cup,Qatar
2022-12-09,Malaysia,Cambodia,4,0,Friendly,Malaysia
2022-12-10,Morocco,Portugal,1,0,FIFA World Cup,Qatar
2022-12-10,England,France,1,2,FIFA World Cup,Qatar
2022-12-11,Thailand,Myanmar,6,0,Friendly,Thailand
2022-12-13,Argentina,Croatia,3,0,FIFA World Cup,Qatar
2022-12-14,France,Morocco,2,0,FIFA World Cup,Qatar
2022-12-14,Malaysia,Maldives,3,0,Friendly,Malaysia
2022-12-14,Thailand,Taiwan,0,1,Friendly,Thailand
2022-12-14,Vietnam,Philippines,1,0,Friendly,Vietnam
2022-12-17,Croatia,Morocco,2,1,FIFA World Cup,Qatar
2022-12-17,Singapore,Maldives,3,1,Friendly,Singapore
2022-12-18,Argentina,France,3,3,FIFA World Cup,Qatar
2022-12-23,Oman,Syria,2,1,Friendly,United Arab Emirates
2022-12-30,Iraq,Kuwait,1,0,Friendly,Iraq
2022-12-30,Oman,Syria,1,0,Friendly,United Arab Emirates
2022-12-30,United Arab Emirates,Lebanon,1,0,Friendly,United Arab Emirates
2023-01-08,Iceland,Estonia,1,1,Friendly,Portugal
2023-01-09,Sweden,Finland,2,0,Friendly,Portugal
2023-01-12,Finland,Estonia,0,1,Friendly,Portugal
2023-01-12,Sweden,Iceland,2,1,Friendly,Portugal
2023-01-25,United States,Serbia,1,2,Friendly,United States
2023-01-28,United States,Colombia,0,0,Friendly,United States
2023-02-22,Grenada,Barbados,1,1,Friendly,Grenada
2023-02-26,Grenada,Barbados,2,2,Friendly,Grenada
2023-03-03,Grenada,Saint Lucia,1,2,Friendly,Grenada
2023-03-04,Saint Barthélemy,Sint Maarten,5,1,Friendly,Saint Barthélemy
2023-03-05,Grenada,Saint Lucia,2,0,Friendly,Grenada
2023-03-10,Saint Martin,Saint Barthélemy,3,2,Friendly,Saint Martin
2023-03-11,Jamaica,Trinidad and Tobago,0,1,Friendly,Jamaica
2023-03-12,Guatemala,Panama,1,1,Friendly,United States
2023-03-14,Jamaica,Trinidad and Tobago,0,0,Friendly,Jamaica
2023-03-15,Bangladesh,Malawi,1,1,Friendly,Saudi Arabia
2023-03-19,Ethiopia,Rwanda,1,0,Friendly,Ethiopia
2023-03-20,Fiji,Vanuatu,1,2,Friendly,Fiji
2023-03-21,Maldives,Pakistan,1,0,Friendly,Maldives
2023-03-21,Tahiti,New Caledonia,0,2,Friendly,Tahiti
2023-03-22,Honduras,El Salvador,1,0,Friendly,United States
2023-03-22,Republic of Ireland,Latvia,3,2,Friendly,Republic of Ireland
2023-03-23,Argentina,Panama,2,0,Friendly,Argentina
2023-03-23,Hong Kong,Singapore,1,1,Friendly,Hong Kong
2023-03-23,Hungary,Estonia,1,0,Friendly,Hungary
2023-03-23,Iran,Russia,1,1,Friendly,Iran
2023-03-23,Malaysia,Turkmenistan,1,0,Friendly,Malaysia
2023-03-23,New Zealand,China PR,0,0,Friendly,New Zealand
2023-03-23,Solomon Islands,Vanuatu,2,0,Friendly,Fiji
2023-03-24,Australia,Ecuador,3,1,Friendly,Australia
2023-03-24,Japan,Uruguay,1,1,Friendly,Japan
2023-03-24,South Korea,Colombia,2,2,Friendly,South Korea
2023-03-24,Kuwait,Philippines,2,0,Friendly,Kuwait
2023-03-24,Saudi Arabia,Venezuela,1,2,Friendly,Saudi Arabia
2023-03-24,Tahiti,New Caledonia,2,1,Friendly,Tahiti
2023-03-24,Uzbekistan,Bolivia,1,0,Friendly,Saudi Arabia
2023-03-25,Bahrain,Palestine,1,2,Friendly,Bahrain
2023-03-25,Bangladesh,Seychelles,1,0,Friendly,Bangladesh
2023-03-25,Georgia,Mongolia,6,1,Friendly,Georgia
2023-03-25,Germany,Peru,2,0,Friendly,Germany
2023-03-25,Indonesia,Burundi,3,1,Friendly,Indonesia
2023-03-25,Morocco,Brazil,2,1,Friendly,Morocco
2023-03-25,Thailand,Syria,1,3,Friendly,United Arab Emirates
2023-03-25,United Arab Emirates,Tajikistan,0,0,Friendly,United Arab Emirates
2023-03-26,Fiji,Solomon Islands,0,2,Friendly,Fiji
2023-03-26,Macau,Singapore,0,1,Friendly,Macau
2023-03-26,New Zealand,China PR,2,1,Friendly,New Zealand
2023-03-26,Russia,Iraq,2,0,Friendly,Russia
2023-03-27,Chile,Paraguay,3,2,Friendly,Chile
2023-03-27,Greece,Lithuania,0,0,Friendly,Greece
2023-03-27,North Macedonia,Faroe Islands,1,0,Friendly,North Macedonia
2023-03-27,Oman,Lebanon,2,0,Friendly,Oman
2023-03-28,Argentina,Curaçao,7,0,Friendly,Argentina
2023-03-28,Armenia,Cyprus,2,2,Friendly,Armenia
2023-03-28,Australia,Ecuador,1,2,Friendly,Australia
2023-03-28,Bahrain,Syria,1,0,Friendly,Bahrain
2023-03-28,Bangladesh,Seychelles,0,1,Friendly,Bangladesh
2023-03-28,Germany,Belgium,2,3,Friendly,Germany
2023-03-28,Indonesia,Burundi,2,2,Friendly,Indonesia
2023-03-28,Iran,Kenya,2,1,Friendly,Iran
2023-03-28,Japan,Colombia,1,2,Friendly,Japan
2023-03-28,Jordan,Philippines,4,0,Friendly,Qatar
2023-03-28,South Korea,Uruguay,1,2,Friendly,South Korea
2023-03-28,Kuwait,Tajikistan,2,1,Friendly,Kuwait
2023-03-28,Malaysia,Hong Kong,2,0,Friendly,Malaysia
2023-03-28,Morocco,Peru,0,0,Friendly,Spain
2023-03-28,Saudi Arabia,Bolivia,1,2,Friendly,Saudi Arabia
2023-03-28,United Arab Emirates,Thailand,2,0,Friendly,United Arab Emirates
2023-03-28,Uzbekistan,Venezuela,1,1,Friendly,Saudi Arabia
2023-04-19,United States,Mexico,1,1,Friendly,United States
2023-06-07,Mexico,Guatemala,2,0,Friendly,Mexico
2023-06-09,Luxembourg,Malta,0,1,Friendly,Luxembourg
2023-06-10,Mexico,Cameroon,2,2,Friendly,United States
2023-06-10,Panama,Nicaragua,3,2,Friendly,Panama
2023-06-11,Chile,Cuba,3,0,Friendly,Chile
2023-06-11,Guatemala,Trinidad and Tobago,0,1,Friendly,United States
2023-06-12,Germany,Ukraine,3,3,Friendly,Germany
2023-06-12,Morocco,Cape Verde,0,0,Friendly,Morocco
2023-06-13,Curaçao,Costa Rica,0,0,Friendly,United States
2023-06-14,DR Congo,Uganda,1,0,Friendly,Cameroon
2023-06-14,Indonesia,Palestine,0,0,Friendly,Indonesia
2023-06-14,Malaysia,Solomon Islands,4,1,Friendly,Malaysia
2023-06-14,Mozambique,Malawi,1,1,Friendly,Mozambique
2023-06-14,Togo,Lesotho,2,0,Friendly,South Africa
2023-06-14,Uruguay,Nicaragua,4,1,Friendly,Uruguay
2023-06-14,Netherlands,Croatia,2,4,UEFA Nations League,Netherlands
2023-06-15,Argentina,Australia,2,0,Friendly,China PR
2023-06-15,Cambodia,Bangladesh,0,1,Friendly,Cambodia
2023-06-15,Costa Rica,Guatemala,0,1,Friendly,United States
2023-06-15,Honduras,Venezuela,0,1,Friendly,United States
2023-06-15,Jamaica,Qatar,1,2,Friendly,Austria
2023-06-15,Japan,El Salvador,6,0,Friendly,Japan
2023-06-15,Philippines,Nepal,1,0,Friendly,Philippines
2023-06-15,Vietnam,Hong Kong,1,0,Friendly,Vietnam
2023-06-15,Spain,Italy,2,1,UEFA Nations League,Netherlands
2023-06-16,Chile,Dominican Republic,5,0,Friendly,Chile
2023-06-16,China PR,Myanmar,4,0,Friendly,China PR
2023-06-16,Taiwan,Thailand,2,2,Friendly,Taiwan
2023-06-16,Colombia,Iraq,1,0,Friendly,Spain
2023-06-16,South Korea,Peru,0,1,Friendly,South Korea
2023-06-16,Poland,Germany,1,0,Friendly,Poland
2023-06-16,Serbia,Jordan,3,2,Friendly,Austria
2023-06-16,Singapore,Papua New Guinea,2,2,Friendly,Singapore
2023-06-16,Sweden,New Zealand,4,1,Friendly,Sweden
2023-06-17,Brazil,Guinea,4,1,Friendly,Spain
2023-06-17,Ecuador,Bolivia,1,0,Friendly,United States
2023-06-18,Egypt,South Sudan,3,0,Friendly,Egypt
2023-06-18,Guatemala,Venezuela,0,1,Friendly,United States
2023-06-18,Paraguay,Nicaragua,2,0,Friendly,Paraguay
2023-06-18,Singapore,Solomon Islands,1,1,Friendly,Singapore
2023-06-18,Netherlands,Italy,2,3,UEFA Nations League,Netherlands
2023-06-18,Croatia,Spain,0,0,UEFA Nations League,Netherlands
2023-06-19,Hong Kong,Thailand,0,1,Friendly,Hong Kong
2023-06-19,Indonesia,Argentina,0,2,Friendly,Indonesia
2023-06-19,Jamaica,Jordan,1,2,Friendly,Austria
2023-06-19,Macau,Myanmar,0,2,Friendly,China PR
2023-06-19,Philippines,Taiwan,2,3,Friendly,Philippines
2023-06-20,Algeria,Tunisia,1,1,Friendly,Algeria
2023-06-20,Bolivia,Chile,0,0,Friendly,Bolivia
2023-06-20,Brazil,Senegal,2,4,Friendly,Portugal
2023-06-20,China PR,Palestine,2,0,Friendly,China PR
2023-06-20,Ecuador,Costa Rica,3,1,Friendly,United States
2023-06-20,Germany,Colombia,0,2,Friendly,Germany
2023-06-20,Haiti,Trinidad and Tobago,0,0,Friendly,United States
2023-06-20,Japan,Peru,4,1,Friendly,Japan
2023-06-20,South Korea,El Salvador,1,1,Friendly,South Korea
2023-06-20,Malaysia,Papua New Guinea,10,0,Friendly,Malaysia
2023-06-20,Montenegro,Czech Republic,1,4,Friendly,Montenegro
2023-06-20,Uruguay,Cuba,2,0,Friendly,Uruguay
2023-06-20,Vietnam,Syria,1,0,Friendly,Vietnam
2023-08-02,Ethiopia,Guyana,2,0,Friendly,United States
2023-08-06,Raetia,Ticino,5,1,Friendly,Switzerland
2023-08-27,Bolivia,Panama,1,2,Friendly,Bolivia
2023-08-28,Tahiti,Cook Islands,9,1,Friendly,Tahiti
2023-08-31,Tahiti,Cook Islands,3,0,Friendly,Tahiti
2023-09-03,Bangladesh,Afghanistan,0,0,Friendly,Bangladesh
2023-09-03,Guatemala,Honduras,0,0,Friendly,United States
2023-09-06,Macau,Bhutan,0,1,Friendly,Macau
2023-09-06,Malta,Gibraltar,1,0,Friendly,Malta
2023-09-06,Oman,Palestine,2,1,Friendly,Oman
2023-09-06,Syria,Malaysia,2,2,Friendly,China PR
2023-09-07,Austria,Moldova,1,1,Friendly,Austria
2023-09-07,Bahrain,Kuwait,1,3,Friendly,United Arab Emirates
2023-09-07,Bangladesh,Afghanistan,1,1,Friendly,Bangladesh
2023-09-07,Bulgaria,Iran,0,1,Friendly,Bulgaria
2023-09-07,Cambodia,Hong Kong,1,1,Friendly,Cambodia
2023-09-07,Norway,Jordan,6,0,Friendly,Norway
2023-09-07,Qatar,Kenya,1,2,Friendly,Qatar
2023-09-07,Wales,South Korea,0,0,Friendly,Wales
2023-09-08,Taiwan,Philippines,1,1,Friendly,Taiwan
2023-09-08,Costa Rica,Saudi Arabia,3,1,Friendly,England
2023-09-08,Indonesia,Turkmenistan,2,0,Friendly,Indonesia
2023-09-08,Myanmar,Nepal,0,0,Friendly,Myanmar
2023-09-08,Singapore,Tajikistan,0,2,Friendly,Singapore
2023-09-09,China PR,Malaysia,1,1,Friendly,China PR
2023-09-09,Germany,Japan,1,4,Friendly,Germany
2023-09-09,Mexico,Australia,2,2,Friendly,United States
2023-09-09,South Africa,Namibia,0,0,Friendly,South Africa
2023-09-09,United States,Uzbekistan,3,0,Friendly,United States
2023-09-10,Hungary,Czech Republic,1,1,Friendly,Hungary
2023-09-11,Cambodia,Macau,4,0,Friendly,Cambodia
2023-09-11,Hong Kong,Brunei,10,0,Friendly,Hong Kong
2023-09-11,Kuwait,Kyrgyzstan,1,3,Friendly,United Arab Emirates
2023-09-11,Myanmar,Nepal,1,0,Friendly,Myanmar
2023-09-11,Vietnam,Palestine,2,0,Friendly,Vietnam
2023-09-12,Azerbaijan,Jordan,2,1,Friendly,Azerbaijan
2023-09-12,Bahrain,Turkmenistan,1,1,Friendly,United Arab Emirates
2023-09-12,China PR,Syria,0,1,Friendly,China PR
2023-09-12,Egypt,Tunisia,1,3,Friendly,Egypt
2023-09-12,Germany,France,2,1,Friendly,Germany
2023-09-12,Qatar,Russia,1,1,Friendly,Qatar
2023-09-12,Ghana,Liberia,3,1,Friendly,Ghana
2023-09-12,Iran,Angola,4,0,Friendly,Iran
2023-09-12,Japan,Turkey,4,2,Friendly,Belgium
2023-09-12,Kenya,South Sudan,0,1,Friendly,Kenya
2023-09-12,South Korea,Saudi Arabia,1,0,Friendly,England
2023-09-12,Mexico,Uzbekistan,3,3,Friendly,United States
2023-09-12,Morocco,Burkina Faso,1,0,Friendly,France
2023-09-12,Philippines,Afghanistan,2,1,Friendly,Philippines
2023-09-12,Scotland,England,1,3,Friendly,Scotland
2023-09-12,Senegal,Algeria,0,1,Friendly,Senegal
2023-09-12,Singapore,Taiwan,3,1,Friendly,Singapore
2023-09-12,South Africa,DR Congo,1,0,Friendly,South Africa
2023-09-12,United Arab Emirates,Costa Rica,4,1,Friendly,Croatia
2023-09-12,United States,Oman,4,0,Friendly,United States
2023-10-10,China PR,Vietnam,2,0,Friendly,China PR
2023-10-11,Wales,Gibraltar,4,0,Friendly,Wales
2023-10-12,Algeria,Cape Verde,5,1,Friendly,Algeria
2023-10-12,Bahrain,Kyrgyzstan,2,0,Friendly,Bahrain
2023-10-12,Egypt,Zambia,1,0,Friendly,United Arab Emirates
2023-10-12,Georgia,Thailand,8,0,Friendly,Georgia
2023-10-12,Montenegro,Lebanon,3,2,Friendly,Montenegro
2023-10-12,Russia,Cameroon,1,0,Friendly,Russia
2023-10-12,Sweden,Moldova,3,1,Friendly,Sweden
2023-10-13,DR Congo,New Zealand,1,1,Friendly,Spain
2023-10-13,England,Australia,1,0,Friendly,England
2023-10-13,Equatorial Guinea,Burkina Faso,0,0,Friendly,Equatorial Guinea
2023-10-13,Guinea,Guinea-Bissau,1,0,Friendly,Portugal
2023-10-13,Iraq,Qatar,0,0,Friendly,Jordan
2023-10-13,Japan,Canada,4,1,Friendly,Japan
2023-10-13,South Korea,Tunisia,4,0,Friendly,South Korea
2023-10-13,Mali,Uganda,1,0,Friendly,Mali
2023-10-13,Nigeria,Saudi Arabia,2,2,Friendly,Portugal
2023-10-13,South Africa,Eswatini,0,0,Friendly,South Africa
2023-10-13,Vietnam,Uzbekistan,0,2,Friendly,China PR
2023-10-13,Angola,Mozambique,1,1,Friendly,Portugal
2023-10-14,Ivory Coast,Morocco,1,1,Friendly,Ivory Coast
2023-10-14,Liberia,Libya,2,3,Friendly,Morocco
2023-10-14,Mauritania,Madagascar,2,1,Friendly,Morocco
2023-10-14,Mexico,Ghana,2,0,Friendly,United States
2023-10-14,Niger,Somalia,3,0,Friendly,Morocco
2023-10-14,Sierra Leone,Benin,1,1,Friendly,Morocco
2023-10-14,United States,Germany,1,3,Friendly,United States
2023-10-15,Kyrgyzstan,Philippines,0,1,Friendly,Bahrain
2023-10-15,Sudan,Tanzania,1,1,Friendly,Saudi Arabia
2023-10-16,Algeria,Egypt,1,1,Friendly,United Arab Emirates
2023-10-16,Botswana,Eswatini,2,1,Friendly,Botswana
2023-10-16,Kenya,Russia,2,2,Friendly,Turkey
2023-10-16,China PR,Uzbekistan,1,2,Friendly,China PR
2023-10-16,Mozambique,Nigeria,2,3,Friendly,Portugal
2023-10-16,Senegal,Cameroon,1,0,Friendly,France
2023-10-17,Albania,Bulgaria,2,0,Friendly,Albania
2023-10-17,Angola,DR Congo,0,0,Friendly,Portugal
2023-10-17,Australia,New Zealand,2,0,Friendly,England
2023-10-17,Bahrain,Philippines,1,0,Friendly,Bahrain
2023-10-17,Benin,Madagascar,1,2,Friendly,Morocco
2023-10-17,Burkina Faso,Mauritania,2,1,Friendly,Morocco
2023-10-17,Cape Verde,Comoros,1,2,Friendly,Cape Verde
2023-10-17,Estonia,Thailand,1,1,Friendly,Estonia
2023-10-17,France,Scotland,4,1,Friendly,France
2023-10-17,Guinea,Gabon,1,1,Friendly,Portugal
2023-10-17,Ivory Coast,South Africa,1,1,Friendly,Ivory Coast
2023-10-17,South Korea,Vietnam,6,0,Friendly,South Korea
2023-10-17,Libya,Niger,1,1,Friendly,Morocco
2023-10-17,Mali,Saudi Arabia,3,1,Friendly,Portugal
2023-10-17,Mexico,Germany,2,2,Friendly,United States
2023-10-17,North Macedonia,Armenia,3,1,Friendly,North Macedonia
2023-10-17,Somalia,Sierra Leone,0,2,Friendly,Morocco
2023-10-17,Sudan,Chad,1,0,Friendly,Saudi Arabia
2023-10-17,Syria,Kuwait,1,2,Friendly,United Arab Emirates
2023-10-17,United Arab Emirates,Lebanon,2,1,Friendly,United Arab Emirates
2023-10-17,United States,Ghana,4,0,Friendly,United States
2023-10-17,Zambia,Uganda,3,0,Friendly,United Arab Emirates
2023-10-23,United Arab Emirates,Kuwait,1,0,Friendly,United Arab Emirates
2023-11-11,Guatemala,Jamaica,0,0,Friendly,United States
2023-11-15,Belgium,Serbia,1,0,Friendly,Belgium
2023-11-16,Curaçao,El Salvador,1,1,Friendly,Curaçao
2023-11-16,Norway,Faroe Islands,2,0,Friendly,Norway
2023-11-17,Greece,New Zealand,2,0,Friendly,Greece
2023-11-18,Germany,Turkey,2,3,Friendly,Germany
2023-11-19,Cyprus,Lithuania,1,0,Friendly,Cyprus
2023-11-20,Curaçao,El Salvador,1,1,Friendly,Curaçao
2023-11-20,Russia,Cuba,8,0,Friendly,Russia
2023-11-21,Austria,Germany,2,0,Friendly,Austria
2023-11-21,Poland,Latvia,2,0,Friendly,Poland
2023-11-21,Republic of Ireland,New Zealand,1,1,Friendly,Republic of Ireland
2023-12-16,Mexico,Colombia,2,3,Friendly,United States
2024-01-01,Japan,Thailand,5,0,Friendly,Japan
2024-01-01,China PR,Hong Kong,1,2,Friendly,United Arab Emirates
2024-01-02,Indonesia,Libya,0,4,Friendly,Turkey
2024-01-04,Tajikistan,Hong Kong,2,1,Friendly,United Arab Emirates
2024-01-04,Saudi Arabia,Lebanon,1,0,Friendly,Qatar
2024-01-05,Indonesia,Libya,1,2,Friendly,Turkey
2024-01-05,Iran,Burkina Faso,2,1,Friendly,Iran
2024-01-05,Kyrgyzstan,Syria,1,1,Friendly,United Arab Emirates
2024-01-05,Qatar,Jordan,1,2,Friendly,Qatar
2024-01-05,Togo,Algeria,0,3,Friendly,Togo
2024-01-06,DR Congo,Angola,0,0,Friendly,United Arab Emirates
2024-01-06,Iraq,South Korea,0,1,Friendly,United Arab Emirates
2024-01-06,Bahrain,Australia,0,2,Friendly,United Arab Emirates
2024-01-06,Mozambique,Lesotho,2,0,Friendly,South Africa
2024-01-06,United Arab Emirates,Oman,0,1,Friendly,United Arab Emirates
2024-01-06,Ivory Coast,Sierra Leone,5,1,Friendly,Ivory Coast
2024-01-06,Tunisia,Mauritania,0,0,Friendly,Tunisia
2024-01-06,Mali,Guinea-Bissau,6,2,Friendly,Mali
2024-01-07,Uzbekistan,Palestine,1,0,Friendly,Qatar
2024-01-07,Egypt,Tanzania,2,0,Friendly,Egypt
2024-01-08,Nigeria,Guinea,0,2,Friendly,United Arab Emirates
2024-01-08,Botswana,Mozambique,1,1,Friendly,South Africa
2024-01-08,Syria,Malaysia,2,2,Friendly,Qatar
2024-01-08,Senegal,Niger,1,0,Friendly,Senegal
2024-01-08,Ghana,Namibia,0,0,Friendly,Ghana
2024-01-09,Japan,Jordan,6,1,Friendly,Qatar
2024-01-09,Kyrgyzstan,Vietnam,2,1,Friendly,Qatar
2024-01-09,Zambia,Cameroon,1,1,Friendly,Saudi Arabia
2024-01-09,Equatorial Guinea,Djibouti,1,1,Friendly,Equatorial Guinea
2024-01-09,Saudi Arabia,Palestine,0,0,Friendly,Qatar
2024-01-09,Burundi,Algeria,0,4,Friendly,Togo
2024-01-09,Indonesia,Iran,0,5,Friendly,Qatar
2024-01-10,South Africa,Lesotho,0,0,Friendly,South Africa
2024-01-10,DR Congo,Burkina Faso,1,2,Friendly,United Arab Emirates
2024-01-10,Bahrain,Angola,0,3,Friendly,United Arab Emirates
2024-01-10,Saudi Arabia,Hong Kong,2,0,Friendly,Qatar
2024-01-10,Tunisia,Cape Verde,2,0,Friendly,Tunisia
2024-01-11,Morocco,Sierra Leone,3,1,Friendly,Ivory Coast
2024-01-12,Kuwait,Libya,1,3,Friendly,Egypt
2024-01-12,Sweden,Estonia,2,1,Friendly,Cyprus
2024-01-13,Guatemala,Iceland,0,1,Friendly,United States
2024-01-17,Honduras,Iceland,0,2,Friendly,United States
2024-01-19,Kuwait,Uganda,0,2,Friendly,Egypt
2024-01-20,United States,Slovenia,0,1,Friendly,United States
2024-02-03,Costa Rica,El Salvador,2,0,Friendly,Costa Rica
2024-03-01,Trinidad and Tobago,Jamaica,0,1,Friendly,Trinidad and Tobago
2024-03-03,Trinidad and Tobago,Jamaica,0,0,Friendly,Trinidad and Tobago
2024-03-14,Kazakhstan,Turkmenistan,2,0,Friendly,United Arab Emirates
2024-03-18,Solomon Islands,Fiji,2,1,Friendly,Solomon Islands
2024-03-20,Bonaire,El Salvador,1,1,Friendly,United States
2024-03-20,San Marino,Saint Kitts and Nevis,1,3,Friendly,San Marino
2024-03-21,Gibraltar,Lithuania,0,1,UEFA Nations League,Portugal
2024-03-21,Belize,Puerto Rico,1,1,Friendly,Belize
2024-03-21,Cyprus,Latvia,1,1,Friendly,Cyprus
2024-03-21,Ecuador,Guatemala,2,0,Friendly,United States
2024-03-21,Ethiopia,Lesotho,1,2,Friendly,Ethiopia
2024-03-21,Malta,Slovenia,2,2,Friendly,Malta
2024-03-21,Montenegro,Belarus,2,0,Friendly,Turkey
2024-03-21,Portugal,Sweden,5,2,Friendly,Portugal
2024-03-21,Solomon Islands,Fiji,0,2,Friendly,Solomon Islands
2024-03-21,Venezuela,Italy,1,2,Friendly,United States
2024-03-22,Albania,Chile,0,3,Friendly,Italy
2024-03-22,Argentina,El Salvador,3,0,Friendly,United States
2024-03-22,Armenia,Kosovo,0,1,Friendly,Armenia
2024-03-22,Burkina Faso,Libya,1,2,Friendly,Morocco
2024-03-22,Comoros,Uganda,4,0,Friendly,Morocco
2024-03-22,Hungary,Turkey,1,0,Friendly,Hungary
2024-03-22,Liechtenstein,Faroe Islands,0,4,Friendly,Spain
2024-03-22,Mauritania,Mali,0,2,Friendly,Morocco
2024-03-22,Morocco,Angola,1,0,Friendly,Morocco
2024-03-22,Netherlands,Scotland,4,0,Friendly,Netherlands
2024-03-22,Niger,Togo,1,2,Friendly,Morocco
2024-03-22,Nigeria,Ghana,2,1,Friendly,Morocco
2024-03-22,North Macedonia,Moldova,1,1,Friendly,Turkey
2024-03-22,Norway,Czech Republic,1,2,Friendly,Norway
2024-03-22,Peru,Nicaragua,2,0,Friendly,Peru
2024-03-22,Romania,Northern Ireland,1,1,Friendly,Romania
2024-03-22,Senegal,Gabon,3,0,Friendly,France
2024-03-22,Spain,Colombia,0,1,Friendly,England
2024-03-23,Denmark,Switzerland,0,0,Friendly,Denmark
2024-03-23,Dominican Republic,Aruba,2,0,Friendly,Dominican Republic
2024-03-23,England,Brazil,0,1,Friendly,England
2024-03-23,France,Germany,0,2,Friendly,France
2024-03-23,Ivory Coast,Benin,2,2,Friendly,France
2024-03-23,Republic of Ireland,Belgium,0,0,Friendly,Republic of Ireland
2024-03-23,Slovakia,Austria,0,2,Friendly,Slovakia
2024-03-24,Belize,Puerto Rico,3,0,Friendly,Belize
2024-03-24,Ecuador,Italy,0,2,Friendly,United States
2024-03-24,Ethiopia,Lesotho,2,1,Friendly,Ethiopia
2024-03-24,Guatemala,Venezuela,0,0,Friendly,United States
2024-03-24,San Marino,Saint Kitts and Nevis,0,0,Friendly,San Marino
2024-03-24,Suriname,Martinique,1,1,Friendly,Netherlands
2024-03-25,Comoros,Angola,0,0,Friendly,Morocco
2024-03-25,Cyprus,Serbia,0,1,Friendly,Cyprus
2024-03-25,Gabon,Congo,1,1,Friendly,France
2024-03-25,Montenegro,North Macedonia,1,0,Friendly,Turkey
2024-03-25,Sweden,Albania,1,0,Friendly,Sweden
2024-03-26,Lithuania,Gibraltar,1,0,UEFA Nations League,Lithuania
2024-03-26,Argentina,Costa Rica,3,1,Friendly,United States
2024-03-26,Austria,Turkey,6,1,Friendly,Austria
2024-03-26,Colombia,Romania,3,2,Friendly,Spain
2024-03-26,Czech Republic,Armenia,2,1,Friendly,Czech Republic
2024-03-26,Denmark,Faroe Islands,2,0,Friendly,Denmark
2024-03-26,El Salvador,Honduras,1,1,Friendly,United States
2024-03-26,England,Belgium,2,2,Friendly,England
2024-03-26,France,Chile,3,2,Friendly,France
2024-03-26,Germany,Netherlands,2,1,Friendly,Germany
2024-03-26,Hungary,Kosovo,2,0,Friendly,Hungary
2024-03-26,Ivory Coast,Uruguay,2,1,Friendly,France
2024-03-26,Latvia,Liechtenstein,1,1,Friendly,Cyprus
2024-03-26,Malta,Belarus,0,0,Friendly,Malta
2024-03-26,Morocco,Mauritania,0,0,Friendly,Morocco
2024-03-26,Nicaragua,Cuba,0,1,Friendly,Nicaragua
2024-03-26,Norway,Slovakia,1,1,Friendly,Norway
2024-03-26,Peru,Dominican Republic,4,1,Friendly,Peru
2024-03-26,Republic of Ireland,Switzerland,0,1,Friendly,Republic of Ireland
2024-03-26,Scotland,Northern Ireland,0,1,Friendly,Scotland
2024-03-26,Senegal,Benin,1,0,Friendly,France
2024-03-26,Slovenia,Portugal,2,0,Friendly,Slovenia
2024-03-26,Spain,Brazil,3,3,Friendly,Spain
2024-03-26,Finland,Estonia,2,1,Friendly,Finland
2024-04-14,Trinidad and Tobago,Guyana,2,1,Friendly,Trinidad and Tobago
2024-04-16,Trinidad and Tobago,Guyana,2,0,Friendly,Trinidad and Tobago
2024-04-26,Grenada,Saint Vincent and the Grenadines,0,3,Friendly,Grenada
2024-04-26,Guatemala,Nicaragua,1,1,Friendly,United States
2024-05-31,Bolivia,Mexico,0,1,Friendly,United States
2024-05-31,Costa Rica,Uruguay,0,0,Friendly,Costa Rica
2024-06-02,Indonesia,Tanzania,0,0,Friendly,Indonesia
2024-06-03,Albania,Liechtenstein,3,0,Friendly,Hungary
2024-06-03,Croatia,North Macedonia,3,0,Friendly,Croatia
2024-06-03,England,Bosnia and Herzegovina,3,0,Friendly,England
2024-06-03,Germany,Ukraine,0,0,Friendly,Germany
2024-06-03,Gibraltar,Scotland,0,2,Friendly,Portugal
2024-06-04,Austria,Serbia,2,1,Friendly,Austria
2024-06-04,Italy,Turkey,0,0,Friendly,Italy
2024-06-04,Portugal,Finland,4,2,Friendly,Portugal
2024-06-04,Republic of Ireland,Hungary,2,1,Friendly,Republic of Ireland
2024-06-04,Romania,Bulgaria,0,0,Friendly,Romania
2024-06-04,Slovenia,Armenia,2,1,Friendly,Slovenia
2024-06-04,Switzerland,Estonia,4,0,Friendly,Switzerland
2024-06-05,Belgium,Montenegro,2,0,Friendly,Belgium
2024-06-05,Denmark,Sweden,2,1,Friendly,Denmark
2024-06-05,France,Luxembourg,3,0,Friendly,France
2024-06-05,Mexico,Uruguay,0,4,Friendly,United States
2024-06-05,Norway,Kosovo,3,0,Friendly,Norway
2024-06-05,San Marino,Slovakia,0,4,Friendly,Austria
2024-06-05,Spain,Andorra,5,0,Friendly,Spain
2024-06-06,Gibraltar,Wales,0,0,Friendly,Portugal
2024-06-06,Netherlands,Canada,4,0,Friendly,Netherlands
2024-06-07,Albania,Azerbaijan,3,1,Friendly,Hungary
2024-06-07,Armenia,Kazakhstan,2,1,Friendly,Armenia
2024-06-07,Belarus,Russia,0,4,Friendly,Belarus
2024-06-07,Cambodia,Mongolia,2,0,Friendly,Cambodia
2024-06-07,Czech Republic,Malta,7,1,Friendly,Austria
2024-06-07,England,Iceland,0,1,Friendly,England
2024-06-07,Germany,Greece,2,1,Friendly,Germany
2024-06-07,Peru,Paraguay,0,0,Friendly,Peru
2024-06-07,Poland,Ukraine,3,1,Friendly,Poland
2024-06-07,Romania,Liechtenstein,0,0,Friendly,Romania
2024-06-07,Scotland,Finland,2,2,Friendly,Scotland
2024-06-08,Brunei,Sri Lanka,1,0,Friendly,Brunei
2024-06-08,Belgium,Luxembourg,3,0,Friendly,Belgium
2024-06-08,Denmark,Norway,3,1,Friendly,Denmark
2024-06-08,Hungary,Israel,3,0,Friendly,Hungary
2024-06-08,Mexico,Brazil,2,3,Friendly,United States
2024-06-08,Moldova,Cyprus,3,2,Friendly,Moldova
2024-06-08,Portugal,Croatia,1,2,Friendly,Portugal
2024-06-08,Slovenia,Bulgaria,1,1,Friendly,Slovenia
2024-06-08,Spain,Northern Ireland,5,1,Friendly,Spain
2024-06-08,Sweden,Serbia,0,3,Friendly,Sweden
2024-06-08,Switzerland,Austria,1,1,Friendly,Switzerland
2024-06-08,United States,Colombia,1,5,Friendly,United States
2024-06-09,Argentina,Ecuador,1,0,Friendly,United States
2024-06-09,France,Canada,0,0,Friendly,France
2024-06-09,Italy,Bosnia and Herzegovina,1,0,Friendly,Italy
2024-06-09,Montenegro,Georgia,1,3,Friendly,Montenegro
2024-06-09,Slovakia,Wales,4,0,Friendly,Slovakia
2024-06-10,Czech Republic,North Macedonia,2,1,Friendly,Czech Republic
2024-06-10,Netherlands,Iceland,4,0,Friendly,Netherlands
2024-06-10,Poland,Turkey,2,1,Friendly,Poland
2024-06-11,Brunei,Sri Lanka,1,0,Friendly,Brunei
2024-06-11,Andorra,Northern Ireland,0,2,Friendly,Spain
2024-06-11,Azerbaijan,Kazakhstan,3,2,Friendly,Hungary
2024-06-11,Chile,Paraguay,3,0,Friendly,Chile
2024-06-11,Greece,Malta,2,0,Friendly,Austria
2024-06-11,Israel,Belarus,4,0,Friendly,Hungary
2024-06-11,Moldova,Ukraine,0,4,Friendly,Moldova
2024-06-11,Mongolia,Cambodia,2,1,Friendly,Mongolia
2024-06-11,Portugal,Republic of Ireland,3,0,Friendly,Portugal
2024-06-11,San Marino,Cyprus,1,4,Friendly,San Marino
2024-06-12,Ecuador,Bolivia,3,1,Friendly,United States
2024-06-12,United States,Brazil,1,1,Friendly,United States
2024-06-14,Germany,Scotland,5,1,UEFA Euro,Germany
2024-06-14,Argentina,Guatemala,4,1,Friendly,United States
2024-06-14,El Salvador,Peru,0,1,Friendly,United States
2024-06-15,Hungary,Switzerland,1,3,UEFA Euro,Germany
2024-06-15,Spain,Croatia,3,0,UEFA Euro,Germany
2024-06-15,Italy,Albania,2,1,UEFA Euro,Germany
2024-06-15,Colombia,Bolivia,3,0,Friendly,United States
2024-06-16,Ecuador,Honduras,2,1,Friendly,United States
2024-06-16,Slovenia,Denmark,1,1,UEFA Euro,Germany
2024-06-16,Serbia,England,0,1,UEFA Euro,Germany
2024-06-16,Poland,Netherlands,1,2,UEFA Euro,Germany
2024-06-16,Panama,Paraguay,0,1,Friendly,Panama
2024-06-17,Austria,France,0,1,UEFA Euro,Germany
2024-06-17,Romania,Ukraine,3,0,UEFA Euro,Germany
2024-06-17,Belgium,Slovakia,0,1,UEFA Euro,Germany
2024-06-18,Turkey,Georgia,3,1,UEFA Euro,Germany
2024-06-18,Portugal,Czech Republic,2,1,UEFA Euro,Germany
2024-06-19,Germany,Hungary,2,0,UEFA Euro,Germany
2024-06-19,Scotland,Switzerland,1,1,UEFA Euro,Germany
2024-06-19,Croatia,Albania,2,2,UEFA Euro,Germany
2024-06-20,Spain,Italy,1,0,UEFA Euro,Germany
2024-06-20,Slovenia,Serbia,1,1,UEFA Euro,Germany
2024-06-20,Denmark,England,1,1,UEFA Euro,Germany
2024-06-21,Poland,Austria,1,3,UEFA Euro,Germany
2024-06-21,Netherlands,France,0,0,UEFA Euro,Germany
2024-06-21,Slovakia,Ukraine,1,2,UEFA Euro,Germany
2024-06-22,Belgium,Romania,2,0,UEFA Euro,Germany
2024-06-22,Georgia,Czech Republic,1,1,UEFA Euro,Germany
2024-06-22,Turkey,Portugal,0,3,UEFA Euro,Germany
2024-06-23,Germany,Switzerland,1,1,UEFA Euro,Germany
2024-06-23,Scotland,Hungary,0,1,UEFA Euro,Germany
2024-06-24,Albania,Spain,0,1,UEFA Euro,Germany
2024-06-24,Croatia,Italy,1,1,UEFA Euro,Germany
2024-06-25,England,Slovenia,0,0,UEFA Euro,Germany
2024-06-25,Denmark,Serbia,0,0,UEFA Euro,Germany
2024-06-25,Netherlands,Austria,2,3,UEFA Euro,Germany
2024-06-25,France,Poland,1,1,UEFA Euro,Germany
2024-06-26,Slovakia,Romania,1,1,UEFA Euro,Germany
2024-06-26,Ukraine,Belgium,0,0,UEFA Euro,Germany
2024-06-26,Georgia,Portugal,2,0,UEFA Euro,Germany
2024-06-26,Czech Republic,Turkey,1,2,UEFA Euro,Germany
2024-06-29,Switzerland,Italy,2,0,UEFA Euro,Germany
2024-06-29,Germany,Denmark,2,0,UEFA Euro,Germany
2024-06-30,England,Slovakia,2,1,UEFA Euro,Germany
2024-06-30,Spain,Georgia,4,1,UEFA Euro,Germany
2024-07-01,France,Belgium,1,0,UEFA Euro,Germany
2024-07-01,Portugal,Slovenia,0,0,UEFA Euro,Germany
2024-07-02,Romania,Netherlands,0,3,UEFA Euro,Germany
2024-07-02,Austria,Turkey,1,2,UEFA Euro,Germany
2024-07-05,Germany,Spain,1,2,UEFA Euro,Germany
2024-07-05,Portugal,France,0,0,UEFA Euro,Germany
2024-07-06,England,Switzerland,1,1,UEFA Euro,Germany
2024-07-06,Netherlands,Turkey,2,1,UEFA Euro,Germany
2024-07-09,Spain,France,2,1,UEFA Euro,Germany
2024-07-10,Netherlands,England,1,2,UEFA Euro,Germany
2024-07-14,Spain,England,2,1,UEFA Euro,Germany
2024-07-27,Guatemala,El Salvador,0,1,Friendly,United States
2024-07-27,Jordan,North Korea,0,0,Friendly,Jordan
2024-08-29,Jordan,North Korea,2,1,Friendly,Jordan
2024-09-01,Guatemala,Uruguay,1,1,Friendly,United States
2024-09-04,Gibraltar,Andorra,1,0,Friendly,Gibraltar
2024-09-05,Bhutan,Bangladesh,0,1,Friendly,Bhutan
2024-09-05,Vietnam,Russia,0,3,Friendly,Vietnam
2024-09-05,Portugal,Croatia,2,1,UEFA Nations League,Portugal
2024-09-05,Scotland,Poland,2,3,UEFA Nations League,Scotland
2024-09-05,Denmark,Switzerland,2,0,UEFA Nations League,Denmark
2024-09-05,Serbia,Spain,0,0,UEFA Nations League,Serbia
2024-09-05,Azerbaijan,Sweden,1,3,UEFA Nations League,Azerbaijan
2024-09-05,Estonia,Slovakia,0,1,UEFA Nations League,Estonia
2024-09-05,Northern Ireland,Luxembourg,2,0,UEFA Nations League,Northern Ireland
2024-09-05,Belarus,Bulgaria,0,0,UEFA Nations League,Hungary
2024-09-05,San Marino,Liechtenstein,1,0,UEFA Nations League,San Marino
2024-09-06,Belgium,Israel,3,1,UEFA Nations League,Hungary
2024-09-06,France,Italy,1,3,UEFA Nations League,France
2024-09-06,Kazakhstan,Norway,0,0,UEFA Nations League,Kazakhstan
2024-09-06,Slovenia,Austria,1,1,UEFA Nations League,Slovenia
2024-09-06,Iceland,Montenegro,2,0,UEFA Nations League,Iceland
2024-09-06,Wales,Turkey,0,0,UEFA Nations League,Wales
2024-09-06,Kosovo,Romania,0,3,UEFA Nations League,Kosovo
2024-09-06,Lithuania,Cyprus,0,1,UEFA Nations League,Lithuania
2024-09-07,Mexico,New Zealand,3,0,Friendly,United States
2024-09-07,United States,Canada,1,2,Friendly,United States
2024-09-07,Germany,Hungary,5,0,UEFA Nations League,Germany
2024-09-07,Netherlands,Bosnia and Herzegovina,5,2,UEFA Nations League,Netherlands
2024-09-07,Georgia,Czech Republic,4,1,UEFA Nations League,Georgia
2024-09-07,Ukraine,Albania,1,2,UEFA Nations League,Czech Republic
2024-09-07,Republic of Ireland,England,0,2,UEFA Nations League,Republic of Ireland
2024-09-07,Greece,Finland,3,0,UEFA Nations League,Greece
2024-09-07,Faroe Islands,North Macedonia,1,1,UEFA Nations League,Faroe Islands
2024-09-07,Armenia,Latvia,4,1,UEFA Nations League,Armenia
2024-09-07,Moldova,Malta,2,0,UEFA Nations League,Moldova
2024-09-08,Bhutan,Bangladesh,1,0,Friendly,Bhutan
2024-09-08,Portugal,Scotland,2,1,UEFA Nations League,Portugal
2024-09-08,Croatia,Poland,1,0,UEFA Nations League,Croatia
2024-09-08,Denmark,Serbia,2,0,UEFA Nations League,Denmark
2024-09-08,Switzerland,Spain,1,4,UEFA Nations League,Switzerland
2024-09-08,Slovakia,Azerbaijan,2,0,UEFA Nations League,Slovakia
2024-09-08,Sweden,Estonia,3,0,UEFA Nations League,Sweden
2024-09-08,Luxembourg,Belarus,0,1,UEFA Nations League,Luxembourg
2024-09-08,Bulgaria,Northern Ireland,1,0,UEFA Nations League,Bulgaria
2024-09-08,Gibraltar,Liechtenstein,2,2,UEFA Nations League,Gibraltar
2024-09-09,France,Belgium,2,0,UEFA Nations League,France
2024-09-09,Israel,Italy,1,2,UEFA Nations League,Hungary
2024-09-09,Norway,Austria,2,1,UEFA Nations League,Norway
2024-09-09,Slovenia,Kazakhstan,3,0,UEFA Nations League,Slovenia
2024-09-09,Montenegro,Wales,1,2,UEFA Nations League,Montenegro
2024-09-09,Turkey,Iceland,3,1,UEFA Nations League,Turkey
2024-09-09,Cyprus,Kosovo,0,4,UEFA Nations League,Cyprus
2024-09-09,Romania,Lithuania,3,1,UEFA Nations League,Romania
2024-09-10,Mexico,Canada,0,0,Friendly,United States
2024-09-10,Moldova,San Marino,1,0,Friendly,Moldova
2024-09-10,United States,New Zealand,1,1,Friendly,United States
2024-09-10,Vietnam,Thailand,1,2,Friendly,Vietnam
2024-09-10,Hungary,Bosnia and Herzegovina,0,0,UEFA Nations League,Hungary
2024-09-10,Netherlands,Germany,2,2,UEFA Nations League,Netherlands
2024-09-10,Albania,Georgia,0,1,UEFA Nations League,Albania
2024-09-10,Czech Republic,Ukraine,3,2,UEFA Nations League,Czech Republic
2024-09-10,England,Finland,2,0,UEFA Nations League,England
2024-09-10,Republic of Ireland,Greece,0,2,UEFA Nations League,Republic of Ireland
2024-09-10,Latvia,Faroe Islands,1,0,UEFA Nations League,Latvia
2024-09-10,North Macedonia,Armenia,2,0,UEFA Nations League,North Macedonia
2024-09-10,Andorra,Malta,0,1,UEFA Nations League,Andorra
2024-10-10,Liechtenstein,Hong Kong,1,0,Friendly,Liechtenstein
2024-10-10,Myanmar,Sri Lanka,2,0,Friendly,Myanmar
2024-10-10,Israel,France,1,4,UEFA Nations League,Hungary
2024-10-10,Italy,Belgium,2,2,UEFA Nations League,Italy
2024-10-10,England,Greece,1,2,UEFA Nations League,England
2024-10-10,Finland,Republic of Ireland,1,2,UEFA Nations League,Finland
2024-10-10,Austria,Kazakhstan,4,0,UEFA Nations League,Austria
2024-10-10,Norway,Slovenia,3,0,UEFA Nations League,Norway
2024-10-10,Latvia,North Macedonia,0,3,UEFA Nations League,Latvia
2024-10-10,Faroe Islands,Armenia,2,2,UEFA Nations League,Faroe Islands
2024-10-10,Gibraltar,San Marino,1,0,UEFA Nations League,Gibraltar
2024-10-10,Moldova,Andorra,2,0,UEFA Nations League,Moldova
2024-10-11,Cambodia,Taiwan,3,2,Friendly,Cambodia
2024-10-11,Bosnia and Herzegovina,Germany,1,2,UEFA Nations League,Bosnia and Herzegovina
2024-10-11,Hungary,Netherlands,1,1,UEFA Nations League,Hungary
2024-10-11,Czech Republic,Albania,2,0,UEFA Nations League,Czech Republic
2024-10-11,Ukraine,Georgia,1,0,UEFA Nations League,Poland
2024-10-11,Iceland,Wales,2,2,UEFA Nations League,Iceland
2024-10-11,Turkey,Montenegro,1,0,UEFA Nations League,Turkey
2024-10-11,Estonia,Azerbaijan,3,1,UEFA Nations League,Estonia
2024-10-11,Slovakia,Sweden,2,2,UEFA Nations League,Slovakia
2024-10-12,United States,Panama,2,0,Friendly,United States
2024-10-12,Vietnam,India,1,1,Friendly,Vietnam
2024-10-12,Croatia,Scotland,2,1,UEFA Nations League,Croatia
2024-10-12,Poland,Portugal,1,3,UEFA Nations League,Poland
2024-10-12,Serbia,Switzerland,2,0,UEFA Nations League,Serbia
2024-10-12,Spain,Denmark,1,0,UEFA Nations League,Spain
2024-10-12,Lithuania,Kosovo,1,2,UEFA Nations League,Lithuania
2024-10-12,Cyprus,Romania,0,3,UEFA Nations League,Cyprus
2024-10-12,Bulgaria,Luxembourg,0,0,UEFA Nations League,Bulgaria
2024-10-12,Belarus,Northern Ireland,0,0,UEFA Nations League,Hungary
2024-10-13,Andorra,San Marino,2,0,Friendly,Andorra
2024-10-13,Myanmar,Sri Lanka,0,0,Friendly,Myanmar
2024-10-13,Finland,England,1,3,UEFA Nations League,Finland
2024-10-13,Greece,Republic of Ireland,2,0,UEFA Nations League,Greece
2024-10-13,Kazakhstan,Slovenia,0,1,UEFA Nations League,Kazakhstan
2024-10-13,Austria,Norway,5,1,UEFA Nations League,Austria
2024-10-13,Faroe Islands,Latvia,1,1,UEFA Nations League,Faroe Islands
2024-10-13,Armenia,North Macedonia,0,2,UEFA Nations League,Armenia
2024-10-13,Liechtenstein,Gibraltar,0,0,UEFA Nations League,Liechtenstein
2024-10-13,Malta,Moldova,1,0,UEFA Nations League,Malta
2024-10-14,New Zealand,Malaysia,4,0,Friendly,New Zealand
2024-10-14,Belgium,France,1,2,UEFA Nations League,Belgium
2024-10-14,Italy,Israel,4,1,UEFA Nations League,Italy
2024-10-14,Bosnia and Herzegovina,Hungary,0,2,UEFA Nations League,Bosnia and Herzegovina
2024-10-14,Germany,Netherlands,1,0,UEFA Nations League,Germany
2024-10-14,Georgia,Albania,0,1,UEFA Nations League,Georgia
2024-10-14,Ukraine,Czech Republic,1,1,UEFA Nations League,Poland
2024-10-14,Iceland,Turkey,2,4,UEFA Nations League,Iceland
2024-10-14,Wales,Montenegro,1,0,UEFA Nations League,Wales
2024-10-14,Azerbaijan,Slovakia,1,3,UEFA Nations League,Azerbaijan
2024-10-14,Estonia,Sweden,0,3,UEFA Nations League,Estonia
2024-10-15,Canada,Panama,2,1,Friendly,Canada
2024-10-15,Hong Kong,Cambodia,3,0,Friendly,Hong Kong
2024-10-15,Mexico,United States,2,0,Friendly,Mexico
2024-10-15,Scotland,Portugal,0,0,UEFA Nations League,Scotland
2024-10-15,Poland,Croatia,3,3,UEFA Nations League,Poland
2024-10-15,Spain,Serbia,3,0,UEFA Nations League,Spain
2024-10-15,Switzerland,Denmark,2,2,UEFA Nations League,Switzerland
2024-10-15,Kosovo,Cyprus,3,0,UEFA Nations League,Kosovo
2024-10-15,Lithuania,Romania,1,2,UEFA Nations League,Lithuania
2024-10-15,Northern Ireland,Bulgaria,5,0,UEFA Nations League,Northern Ireland
2024-10-15,Belarus,Luxembourg,1,1,UEFA Nations League,Hungary
2024-11-13,Bangladesh,Maldives,0,1,Friendly,Bangladesh
2024-11-13,Tajikistan,Nepal,4,0,Friendly,Tajikistan
2024-11-14,Belgium,Italy,0,1,UEFA Nations League,Belgium
2024-11-14,France,Israel,0,0,UEFA Nations League,France
2024-11-14,Republic of Ireland,Finland,1,0,UEFA Nations League,Republic of Ireland
2024-11-14,Greece,England,0,3,UEFA Nations League,Greece
2024-11-14,Kazakhstan,Austria,0,2,UEFA Nations League,Kazakhstan
2024-11-14,Slovenia,Norway,1,4,UEFA Nations League,Slovenia
2024-11-14,North Macedonia,Latvia,1,0,UEFA Nations League,North Macedonia
2024-11-14,Armenia,Faroe Islands,0,1,UEFA Nations League,Armenia
2024-11-14,Hong Kong,Philippines,3,1,Friendly,Hong Kong
2024-11-14,Malaysia,Laos,3,1,Friendly,Thailand
2024-11-14,Malta,Liechtenstein,2,0,Friendly,Malta
2024-11-14,Singapore,Myanmar,3,2,Friendly,Singapore
2024-11-14,Thailand,Lebanon,0,0,Friendly,Thailand
2024-11-15,Portugal,Poland,5,1,UEFA Nations League,Portugal
2024-11-15,Scotland,Croatia,1,0,UEFA Nations League,Scotland
2024-11-15,Denmark,Spain,1,2,UEFA Nations League,Denmark
2024-11-15,Switzerland,Serbia,1,1,UEFA Nations League,Switzerland
2024-11-15,Cyprus,Lithuania,2,1,UEFA Nations League,Cyprus
2024-11-15,Romania,Kosovo,0,0,UEFA Nations League,Romania
2024-11-15,Northern Ireland,Belarus,2,0,UEFA Nations League,Northern Ireland
2024-11-15,Luxembourg,Bulgaria,0,1,UEFA Nations League,Luxembourg
2024-11-15,San Marino,Gibraltar,1,1,UEFA Nations League,San Marino
2024-11-15,Russia,Brunei,2,1,Friendly,Russia
2024-11-16,Germany,Bosnia and Herzegovina,7,0,UEFA Nations League,Germany
2024-11-16,Netherlands,Hungary,4,0,UEFA Nations League,Netherlands
2024-11-16,Albania,Czech Republic,0,0,UEFA Nations League,Albania
2024-11-16,Georgia,Ukraine,1,1,UEFA Nations League,Georgia
2024-11-16,Montenegro,Iceland,0,2,UEFA Nations League,Montenegro
2024-11-16,Turkey,Wales,0,0,UEFA Nations League,Turkey
2024-11-16,Azerbaijan,Estonia,0,0,UEFA Nations League,Azerbaijan
2024-11-16,Sweden,Slovakia,2,1,UEFA Nations League,Sweden
2024-11-16,Andorra,Moldova,0,1,UEFA Nations League,Andorra
2024-11-16,Bangladesh,Maldives,2,1,Friendly,Bangladesh
2024-11-16,Nepal,Afghanistan,2,0,Friendly,Tajikistan
2024-11-16,Sri Lanka,Yemen,1,0,Friendly,Qatar
2024-11-17,Israel,Belgium,1,0,UEFA Nations League,Hungary
2024-11-17,Italy,France,1,3,UEFA Nations League,Italy
2024-11-17,England,Republic of Ireland,5,0,UEFA Nations League,England
2024-11-17,Finland,Greece,0,2,UEFA Nations League,Finland
2024-11-17,Norway,Kazakhstan,5,0,UEFA Nations League,Norway
2024-11-17,Austria,Slovenia,1,1,UEFA Nations League,Austria
2024-11-17,North Macedonia,Faroe Islands,1,0,UEFA Nations League,North Macedonia
2024-11-17,Latvia,Armenia,1,2,UEFA Nations League,Latvia
2024-11-17,Thailand,Laos,1,1,Friendly,Thailand
2024-11-18,Croatia,Portugal,1,1,UEFA Nations League,Croatia
2024-11-18,Poland,Scotland,1,2,UEFA Nations League,Poland
2024-11-18,Serbia,Denmark,0,0,UEFA Nations League,Serbia
2024-11-18,Spain,Switzerland,3,2,UEFA Nations League,Spain
2024-11-18,Kosovo,Lithuania,1,0,UEFA Nations League,Kosovo
2024-11-18,Romania,Cyprus,4,1,UEFA Nations League,Romania
2024-11-18,Luxembourg,Northern Ireland,2,2,UEFA Nations League,Luxembourg
2024-11-18,Bulgaria,Belarus,1,1,UEFA Nations League,Bulgaria
2024-11-18,Liechtenstein,San Marino,1,3,UEFA Nations League,Liechtenstein
2024-11-18,India,Malaysia,1,1,Friendly,India
2024-11-18,Singapore,Taiwan,2,3,Friendly,Singapore
2024-11-19,Bosnia and Herzegovina,Netherlands,1,1,UEFA Nations League,Bosnia and Herzegovina
2024-11-19,Hungary,Germany,1,1,UEFA Nations League,Hungary
2024-11-19,Albania,Ukraine,1,2,UEFA Nations League,Albania
2024-11-19,Czech Republic,Georgia,2,1,UEFA Nations League,Czech Republic
2024-11-19,Wales,Iceland,4,1,UEFA Nations League,Wales
2024-11-19,Montenegro,Turkey,3,1,UEFA Nations League,Montenegro
2024-11-19,Slovakia,Estonia,1,0,UEFA Nations League,Slovakia
2024-11-19,Sweden,Azerbaijan,6,0,UEFA Nations League,Sweden
2024-11-19,Malta,Andorra,0,0,UEFA Nations League,Malta
2024-11-19,Gibraltar,Moldova,1,1,Friendly,Gibraltar
2024-11-19,Hong Kong,Mauritius,1,0,Friendly,Hong Kong
2024-11-19,Myanmar,Lebanon,2,3,Friendly,Myanmar
2024-11-19,Russia,Syria,4,0,Friendly,Russia
2024-11-19,Sri Lanka,Yemen,0,2,Friendly,Qatar
2024-11-19,Tajikistan,Afghanistan,3,1,Friendly,Tajikistan
