Date,home,visitor,hgoal,vgoal,FT,Season,result
2019-08-24,Parma FC,Juventus,0,1,0-1,2019,A
2019-08-24,ACF Fiorentina,SSC Napoli,3,4,3-4,2019,A
2019-08-25,Udinese Calcio,AC Milan,1,0,1-0,2019,H
2019-08-25,Cagliari Calcio,Brescia Calcio,0,1,0-1,2019,A
2019-08-25,AS Roma,Genoa CFC,3,3,3-3,2019,D
2019-08-25,Sampdoria,Lazio Roma,0,3,0-3,2019,A
2019-08-25,SPAL 1907 Ferrara,Atalanta,2,3,2-3,2019,A
2019-08-25,Torino FC,Sassuolo Calcio,2,1,2-1,2019,H
2019-08-25,Hellas Verona,Bologna FC,1,1,1-1,2019,D
2019-08-26,Inter,US Lecce,4,0,4-0,2019,H
2019-08-30,Bologna FC,SPAL 1907 Ferrara,1,0,1-0,2019,H
2019-08-31,AC Milan,Brescia Calcio,1,0,1-0,2019,H
2019-08-31,Juventus,SSC Napoli,4,3,4-3,2019,H
2019-09-01,Lazio Roma,AS Roma,1,1,1-1,2019,D
2019-09-01,Atalanta,Torino FC,2,3,2-3,2019,A
2019-09-01,Cagliari Calcio,Inter,1,2,1-2,2019,A
2019-09-01,Genoa CFC,ACF Fiorentina,2,1,2-1,2019,H
2019-09-01,US Lecce,Hellas Verona,0,1,0-1,2019,A
2019-09-01,Sassuolo Calcio,Sampdoria,4,1,4-1,2019,H
2019-09-01,Udinese Calcio,Parma FC,1,3,1-3,2019,A
2019-09-14,ACF Fiorentina,Juventus,0,0,0-0,2019,D
2019-09-14,SSC Napoli,Sampdoria,2,0,2-0,2019,H
2019-09-14,Inter,Udinese Calcio,1,0,1-0,2019,H
2019-09-15,Genoa CFC,Atalanta,1,2,1-2,2019,A
2019-09-15,Brescia Calcio,Bologna FC,3,4,3-4,2019,A
2019-09-15,Parma FC,Cagliari Calcio,1,3,1-3,2019,A
2019-09-15,SPAL 1907 Ferrara,Lazio Roma,2,1,2-1,2019,H
2019-09-15,AS Roma,Sassuolo Calcio,4,2,4-2,2019,H
2019-09-15,Hellas Verona,AC Milan,0,1,0-1,2019,A
2019-09-16,Torino FC,US Lecce,1,2,1-2,2019,A
2019-09-20,Cagliari Calcio,Genoa CFC,3,1,3-1,2019,H
2019-09-21,Udinese Calcio,Brescia Calcio,0,1,0-1,2019,A
2019-09-21,Juventus,Hellas Verona,2,1,2-1,2019,H
2019-09-21,AC Milan,Inter,0,2,0-2,2019,A
2019-09-22,Sassuolo Calcio,SPAL 1907 Ferrara,3,0,3-0,2019,H
2019-09-22,Bologna FC,AS Roma,1,2,1-2,2019,A
2019-09-22,US Lecce,SSC Napoli,1,4,1-4,2019,A
2019-09-22,Sampdoria,Torino FC,1,0,1-0,2019,H
2019-09-22,Atalanta,ACF Fiorentina,2,2,2-2,2019,D
2019-09-22,Lazio Roma,Parma FC,2,0,2-0,2019,H
2019-09-24,Hellas Verona,Udinese Calcio,0,0,0-0,2019,D
2019-09-24,Brescia Calcio,Juventus,1,2,1-2,2019,A
2019-09-25,AS Roma,Atalanta,0,2,0-2,2019,A
2019-09-25,ACF Fiorentina,Sampdoria,2,1,2-1,2019,H
2019-09-25,Genoa CFC,Bologna FC,0,0,0-0,2019,D
2019-09-25,Inter,Lazio Roma,1,0,1-0,2019,H
2019-09-25,SSC Napoli,Cagliari Calcio,0,1,0-1,2019,A
2019-09-25,Parma FC,Sassuolo Calcio,1,0,1-0,2019,H
2019-09-25,SPAL 1907 Ferrara,US Lecce,1,3,1-3,2019,A
2019-09-26,Torino FC,AC Milan,2,1,2-1,2019,H
2019-09-28,Juventus,SPAL 1907 Ferrara,2,0,2-0,2019,H
2019-09-28,Sampdoria,Inter,1,3,1-3,2019,A
2019-09-28,Sassuolo Calcio,Atalanta,1,4,1-4,2019,A
2019-09-29,SSC Napoli,Brescia Calcio,2,1,2-1,2019,H
2019-09-29,Lazio Roma,Genoa CFC,4,0,4-0,2019,H
2019-09-29,US Lecce,AS Roma,0,1,0-1,2019,A
2019-09-29,Udinese Calcio,Bologna FC,1,0,1-0,2019,H
2019-09-29,Cagliari Calcio,Hellas Verona,1,1,1-1,2019,D
2019-09-29,AC Milan,ACF Fiorentina,1,3,1-3,2019,A
2019-09-30,Parma FC,Torino FC,3,2,3-2,2019,H
2019-10-05,SPAL 1907 Ferrara,Parma FC,1,0,1-0,2019,H
2019-10-05,Hellas Verona,Sampdoria,2,0,2-0,2019,H
2019-10-05,Genoa CFC,AC Milan,1,2,1-2,2019,A
2019-10-06,ACF Fiorentina,Udinese Calcio,1,0,1-0,2019,H
2019-10-06,Atalanta,US Lecce,3,1,3-1,2019,H
2019-10-06,Bologna FC,Lazio Roma,2,2,2-2,2019,D
2019-10-06,AS Roma,Cagliari Calcio,1,1,1-1,2019,D
2019-10-06,Torino FC,SSC Napoli,0,0,0-0,2019,D
2019-10-06,Inter,Juventus,1,2,1-2,2019,A
2019-10-19,Lazio Roma,Atalanta,3,3,3-3,2019,D
2019-10-19,SSC Napoli,Hellas Verona,2,0,2-0,2019,H
2019-10-19,Juventus,Bologna FC,2,1,2-1,2019,H
2019-10-20,Sassuolo Calcio,Inter,3,4,3-4,2019,A
2019-10-20,Cagliari Calcio,SPAL 1907 Ferrara,2,0,2-0,2019,H
2019-10-20,Sampdoria,AS Roma,0,0,0-0,2019,D
2019-10-20,Udinese Calcio,Torino FC,1,0,1-0,2019,H
2019-10-20,Parma FC,Genoa CFC,5,1,5-1,2019,H
2019-10-20,AC Milan,US Lecce,2,2,2-2,2019,D
2019-10-21,Brescia Calcio,ACF Fiorentina,0,0,0-0,2019,D
2019-10-25,Hellas Verona,Sassuolo Calcio,0,1,0-1,2019,A
2019-10-26,US Lecce,Juventus,1,1,1-1,2019,D
2019-10-26,Inter,Parma FC,2,2,2-2,2019,D
2019-10-26,Genoa CFC,Brescia Calcio,3,1,3-1,2019,H
2019-10-27,Bologna FC,Sampdoria,2,1,2-1,2019,H
2019-10-27,Atalanta,Udinese Calcio,7,1,7-1,2019,H
2019-10-27,SPAL 1907 Ferrara,SSC Napoli,1,1,1-1,2019,D
2019-10-27,Torino FC,Cagliari Calcio,1,1,1-1,2019,D
2019-10-27,AS Roma,AC Milan,2,1,2-1,2019,H
2019-10-27,ACF Fiorentina,Lazio Roma,1,2,1-2,2019,A
2019-10-29,Parma FC,Hellas Verona,0,1,0-1,2019,A
2019-10-29,Brescia Calcio,Inter,1,2,1-2,2019,A
2019-10-30,SSC Napoli,Atalanta,2,2,2-2,2019,D
2019-10-30,Cagliari Calcio,Bologna FC,3,2,3-2,2019,H
2019-10-30,Juventus,Genoa CFC,2,1,2-1,2019,H
2019-10-30,Lazio Roma,Torino FC,4,0,4-0,2019,H
2019-10-30,Sampdoria,US Lecce,1,1,1-1,2019,D
2019-10-30,Sassuolo Calcio,ACF Fiorentina,1,2,1-2,2019,A
2019-10-30,Udinese Calcio,AS Roma,0,4,0-4,2019,A
2019-10-31,AC Milan,SPAL 1907 Ferrara,1,0,1-0,2019,H
2019-11-02,AS Roma,SSC Napoli,2,1,2-1,2019,H
2019-11-02,Bologna FC,Inter,1,2,1-2,2019,A
2019-11-02,Torino FC,Juventus,0,1,0-1,2019,A
2019-11-03,Atalanta,Cagliari Calcio,0,2,0-2,2019,A
2019-11-03,Genoa CFC,Udinese Calcio,1,3,1-3,2019,A
2019-11-03,US Lecce,Sassuolo Calcio,2,2,2-2,2019,D
2019-11-03,Hellas Verona,Brescia Calcio,2,1,2-1,2019,H
2019-11-03,ACF Fiorentina,Parma FC,1,1,1-1,2019,D
2019-11-03,AC Milan,Lazio Roma,1,2,1-2,2019,A
2019-11-04,SPAL 1907 Ferrara,Sampdoria,0,1,0-1,2019,A
2019-11-08,Sassuolo Calcio,Bologna FC,3,1,3-1,2019,H
2019-11-09,Brescia Calcio,Torino FC,0,4,0-4,2019,A
2019-11-09,Inter,Hellas Verona,2,1,2-1,2019,H
2019-11-09,SSC Napoli,Genoa CFC,0,0,0-0,2019,D
2019-11-10,Cagliari Calcio,ACF Fiorentina,5,2,5-2,2019,H
2019-11-10,Lazio Roma,US Lecce,4,2,4-2,2019,H
2019-11-10,Sampdoria,Atalanta,0,0,0-0,2019,D
2019-11-10,Udinese Calcio,SPAL 1907 Ferrara,0,0,0-0,2019,D
2019-11-10,Parma FC,AS Roma,2,0,2-0,2019,H
2019-11-10,Juventus,AC Milan,1,0,1-0,2019,H
2019-11-23,Atalanta,Juventus,1,3,1-3,2019,A
2019-11-23,AC Milan,SSC Napoli,1,1,1-1,2019,D
2019-11-23,Torino FC,Inter,0,3,0-3,2019,A
2019-11-24,Bologna FC,Parma FC,2,2,2-2,2019,D
2019-11-24,AS Roma,Brescia Calcio,3,0,3-0,2019,H
2019-11-24,Sassuolo Calcio,Lazio Roma,1,2,1-2,2019,A
2019-11-24,Hellas Verona,ACF Fiorentina,1,0,1-0,2019,H
2019-11-24,Sampdoria,Udinese Calcio,2,1,2-1,2019,H
2019-11-25,US Lecce,Cagliari Calcio,2,2,2-2,2019,D
2019-11-25,SPAL 1907 Ferrara,Genoa CFC,1,1,1-1,2019,D
2019-11-30,Brescia Calcio,Atalanta,0,3,0-3,2019,A
2019-11-30,Genoa CFC,Torino FC,0,1,0-1,2019,A
2019-11-30,ACF Fiorentina,US Lecce,0,1,0-1,2019,A
2019-12-01,Juventus,Sassuolo Calcio,2,2,2-2,2019,D
2019-12-01,Inter,SPAL 1907 Ferrara,2,1,2-1,2019,H
2019-12-01,Lazio Roma,Udinese Calcio,3,0,3-0,2019,H
2019-12-01,Parma FC,AC Milan,0,1,0-1,2019,A
2019-12-01,SSC Napoli,Bologna FC,1,2,1-2,2019,A
2019-12-01,Hellas Verona,AS Roma,1,3,1-3,2019,A
2019-12-02,Cagliari Calcio,Sampdoria,4,3,4-3,2019,H
2019-12-06,Inter,AS Roma,0,0,0-0,2019,D
2019-12-07,Atalanta,Hellas Verona,3,2,3-2,2019,H
2019-12-07,Udinese Calcio,SSC Napoli,1,1,1-1,2019,D
2019-12-07,Lazio Roma,Juventus,3,1,3-1,2019,H
2019-12-08,US Lecce,Genoa CFC,2,2,2-2,2019,D
2019-12-08,Sassuolo Calcio,Cagliari Calcio,2,2,2-2,2019,D
2019-12-08,SPAL 1907 Ferrara,Brescia Calcio,0,1,0-1,2019,A
2019-12-08,Torino FC,ACF Fiorentina,2,1,2-1,2019,H
2019-12-08,Sampdoria,Parma FC,0,1,0-1,2019,A
2019-12-08,Bologna FC,AC Milan,2,3,2-3,2019,A
2019-12-14,Brescia Calcio,US Lecce,3,0,3-0,2019,H
2019-12-14,SSC Napoli,Parma FC,1,2,1-2,2019,A
2019-12-14,Genoa CFC,Sampdoria,0,1,0-1,2019,A
2019-12-15,Hellas Verona,Torino FC,3,3,3-3,2019,D
2019-12-15,Bologna FC,Atalanta,2,1,2-1,2019,H
2019-12-15,Juventus,Udinese Calcio,3,1,3-1,2019,H
2019-12-15,AC Milan,Sassuolo Calcio,0,0,0-0,2019,D
2019-12-15,AS Roma,SPAL 1907 Ferrara,3,1,3-1,2019,H
2019-12-15,ACF Fiorentina,Inter,1,1,1-1,2019,D
2019-12-16,Cagliari Calcio,Lazio Roma,1,2,1-2,2019,A
2019-12-18,Sampdoria,Juventus,1,2,1-2,2019,A
2019-12-18,Brescia Calcio,Sassuolo Calcio,0,2,0-2,2019,A
2019-12-20,ACF Fiorentina,AS Roma,1,4,1-4,2019,A
2019-12-21,Udinese Calcio,Cagliari Calcio,2,1,2-1,2019,H
2019-12-21,Inter,Genoa CFC,4,0,4-0,2019,H
2019-12-21,Torino FC,SPAL 1907 Ferrara,1,2,1-2,2019,A
2019-12-22,Atalanta,AC Milan,5,0,5-0,2019,H
2019-12-22,US Lecce,Bologna FC,2,3,2-3,2019,A
2019-12-22,Parma FC,Brescia Calcio,1,1,1-1,2019,D
2019-12-22,Sassuolo Calcio,SSC Napoli,1,2,1-2,2019,A
2020-01-05,Brescia Calcio,Lazio Roma,1,2,1-2,2019,A
2020-01-05,SPAL 1907 Ferrara,Hellas Verona,0,2,0-2,2019,A
2020-01-05,Genoa CFC,Sassuolo Calcio,2,1,2-1,2019,H
2020-01-05,AS Roma,Torino FC,0,2,0-2,2019,A
2020-01-06,Bologna FC,ACF Fiorentina,1,1,1-1,2019,D
2020-01-06,Atalanta,Parma FC,5,0,5-0,2019,H
2020-01-06,Juventus,Cagliari Calcio,4,0,4-0,2019,H
2020-01-06,AC Milan,Sampdoria,0,0,0-0,2019,D
2020-01-06,US Lecce,Udinese Calcio,0,1,0-1,2019,A
2020-01-06,SSC Napoli,Inter,1,3,1-3,2019,A
2020-01-11,Cagliari Calcio,AC Milan,0,2,0-2,2019,A
2020-01-11,Lazio Roma,SSC Napoli,1,0,1-0,2019,H
2020-01-11,Inter,Atalanta,1,1,1-1,2019,D
2020-01-12,Udinese Calcio,Sassuolo Calcio,3,0,3-0,2019,H
2020-01-12,ACF Fiorentina,SPAL 1907 Ferrara,1,0,1-0,2019,H
2020-01-12,Sampdoria,Brescia Calcio,5,1,5-1,2019,H
2020-01-12,Torino FC,Bologna FC,1,0,1-0,2019,H
2020-01-12,Hellas Verona,Genoa CFC,2,1,2-1,2019,H
2020-01-12,AS Roma,Juventus,1,2,1-2,2019,A
2020-01-13,Parma FC,US Lecce,2,0,2-0,2019,H
2020-01-18,Lazio Roma,Sampdoria,5,1,5-1,2019,H
2020-01-18,Sassuolo Calcio,Torino FC,2,1,2-1,2019,H
2020-01-18,SSC Napoli,ACF Fiorentina,0,2,0-2,2019,A
2020-01-19,AC Milan,Udinese Calcio,3,2,3-2,2019,H
2020-01-19,Bologna FC,Hellas Verona,1,1,1-1,2019,D
2020-01-19,Brescia Calcio,Cagliari Calcio,2,2,2-2,2019,D
2020-01-19,US Lecce,Inter,1,1,1-1,2019,D
2020-01-19,Genoa CFC,AS Roma,1,3,1-3,2019,A
2020-01-19,Juventus,Parma FC,2,1,2-1,2019,H
2020-01-20,Atalanta,SPAL 1907 Ferrara,1,2,1-2,2019,A
2020-01-24,Brescia Calcio,AC Milan,0,1,0-1,2019,A
2020-01-25,SPAL 1907 Ferrara,Bologna FC,1,3,1-3,2019,A
2020-01-25,ACF Fiorentina,Genoa CFC,0,0,0-0,2019,D
2020-01-25,Torino FC,Atalanta,0,7,0-7,2019,A
2020-01-26,Inter,Cagliari Calcio,1,1,1-1,2019,D
2020-01-26,Parma FC,Udinese Calcio,2,0,2-0,2019,H
2020-01-26,Sampdoria,Sassuolo Calcio,0,0,0-0,2019,D
2020-01-26,Hellas Verona,US Lecce,3,0,3-0,2019,H
2020-01-26,AS Roma,Lazio Roma,1,1,1-1,2019,D
2020-01-26,SSC Napoli,Juventus,2,1,2-1,2019,H
2020-02-01,Bologna FC,Brescia Calcio,2,1,2-1,2019,H
2020-02-01,Cagliari Calcio,Parma FC,2,2,2-2,2019,D
2020-02-01,Sassuolo Calcio,AS Roma,4,2,4-2,2019,H
2020-02-02,Juventus,ACF Fiorentina,3,0,3-0,2019,H
2020-02-02,Atalanta,Genoa CFC,2,2,2-2,2019,D
2020-02-02,Lazio Roma,SPAL 1907 Ferrara,5,1,5-1,2019,H
2020-02-02,AC Milan,Hellas Verona,1,1,1-1,2019,D
2020-02-02,US Lecce,Torino FC,4,0,4-0,2019,H
2020-02-02,Udinese Calcio,Inter,0,2,0-2,2019,A
2020-02-03,Sampdoria,SSC Napoli,2,4,2-4,2019,A
2020-02-05,Lazio Roma,Hellas Verona,0,0,0-0,2019,D
2020-02-07,AS Roma,Bologna FC,2,3,2-3,2019,A
2020-02-08,ACF Fiorentina,Atalanta,1,2,1-2,2019,A
2020-02-08,Torino FC,Sampdoria,1,3,1-3,2019,A
2020-02-08,Hellas Verona,Juventus,2,1,2-1,2019,H
2020-02-09,SPAL 1907 Ferrara,Sassuolo Calcio,1,2,1-2,2019,A
2020-02-09,Brescia Calcio,Udinese Calcio,1,1,1-1,2019,D
2020-02-09,Genoa CFC,Cagliari Calcio,1,0,1-0,2019,H
2020-02-09,SSC Napoli,US Lecce,2,3,2-3,2019,A
2020-02-09,Parma FC,Lazio Roma,0,1,0-1,2019,A
2020-02-09,Inter,AC Milan,4,2,4-2,2019,H
2020-02-15,US Lecce,SPAL 1907 Ferrara,2,1,2-1,2019,H
2020-02-15,Bologna FC,Genoa CFC,0,3,0-3,2019,A
2020-02-15,Atalanta,AS Roma,2,1,2-1,2019,H
2020-02-16,Udinese Calcio,Hellas Verona,0,0,0-0,2019,D
2020-02-16,Juventus,Brescia Calcio,2,0,2-0,2019,H
2020-02-16,Sampdoria,ACF Fiorentina,1,5,1-5,2019,A
2020-02-16,Sassuolo Calcio,Parma FC,0,1,0-1,2019,A
2020-02-16,Cagliari Calcio,SSC Napoli,0,1,0-1,2019,A
2020-02-16,Lazio Roma,Inter,2,1,2-1,2019,H
2020-02-17,AC Milan,Torino FC,1,0,1-0,2019,H
2020-02-21,Brescia Calcio,SSC Napoli,1,2,1-2,2019,A
2020-02-22,Bologna FC,Udinese Calcio,1,1,1-1,2019,D
2020-02-22,SPAL 1907 Ferrara,Juventus,1,2,1-2,2019,A
2020-02-22,ACF Fiorentina,AC Milan,1,1,1-1,2019,D
2020-02-23,Genoa CFC,Lazio Roma,2,3,2-3,2019,A
2020-02-23,AS Roma,US Lecce,4,0,4-0,2019,H
2020-02-29,Lazio Roma,Bologna FC,2,0,2-0,2019,H
2020-02-29,SSC Napoli,Torino FC,2,1,2-1,2019,H
2020-03-01,US Lecce,Atalanta,2,7,2-7,2019,A
2020-03-01,Cagliari Calcio,AS Roma,3,4,3-4,2019,A
2020-03-08,Parma FC,SPAL 1907 Ferrara,0,1,0-1,2019,A
2020-03-08,AC Milan,Genoa CFC,1,2,1-2,2019,A
2020-03-08,Sampdoria,Hellas Verona,2,1,2-1,2019,H
2020-03-08,Udinese Calcio,ACF Fiorentina,0,0,0-0,2019,D
2020-03-08,Juventus,Inter,2,0,2-0,2019,H
2020-03-09,Sassuolo Calcio,Brescia Calcio,3,0,3-0,2019,H
2020-06-20,Torino FC,Parma FC,1,1,1-1,2019,D
2020-06-20,Hellas Verona,Cagliari Calcio,2,1,2-1,2019,H
2020-06-21,Atalanta,Sassuolo Calcio,4,1,4-1,2019,H
2020-06-21,Inter,Sampdoria,2,1,2-1,2019,H
2020-06-22,ACF Fiorentina,Brescia Calcio,1,1,1-1,2019,D
2020-06-22,US Lecce,AC Milan,1,4,1-4,2019,A
2020-06-22,Bologna FC,Juventus,0,2,0-2,2019,A
2020-06-23,SPAL 1907 Ferrara,Cagliari Calcio,0,1,0-1,2019,A
2020-06-23,Hellas Verona,SSC Napoli,0,2,0-2,2019,A
2020-06-23,Genoa CFC,Parma FC,1,4,1-4,2019,A
2020-06-23,Torino FC,Udinese Calcio,1,0,1-0,2019,H
2020-06-24,Inter,Sassuolo Calcio,3,3,3-3,2019,D
2020-06-24,Atalanta,Lazio Roma,3,2,3-2,2019,H
2020-06-24,AS Roma,Sampdoria,2,1,2-1,2019,H
2020-06-26,Juventus,US Lecce,4,0,4-0,2019,H
2020-06-27,Brescia Calcio,Genoa CFC,2,2,2-2,2019,D
2020-06-27,Cagliari Calcio,Torino FC,4,2,4-2,2019,H
2020-06-27,Lazio Roma,ACF Fiorentina,2,1,2-1,2019,H
2020-06-28,AC Milan,AS Roma,2,0,2-0,2019,H
2020-06-28,SSC Napoli,SPAL 1907 Ferrara,3,1,3-1,2019,H
2020-06-28,Sampdoria,Bologna FC,1,2,1-2,2019,A
2020-06-28,Sassuolo Calcio,Hellas Verona,3,3,3-3,2019,D
2020-06-28,Udinese Calcio,Atalanta,2,3,2-3,2019,A
2020-06-28,Parma FC,Inter,1,2,1-2,2019,A
2020-06-30,Torino FC,Lazio Roma,1,2,1-2,2019,A
2020-06-30,Genoa CFC,Juventus,1,3,1-3,2019,A
2020-07-01,Bologna FC,Cagliari Calcio,1,1,1-1,2019,D
2020-07-01,Inter,Brescia Calcio,6,0,6-0,2019,H
2020-07-01,ACF Fiorentina,Sassuolo Calcio,1,3,1-3,2019,A
2020-07-01,US Lecce,Sampdoria,1,2,1-2,2019,A
2020-07-01,SPAL 1907 Ferrara,AC Milan,2,2,2-2,2019,D
2020-07-01,Hellas Verona,Parma FC,3,2,3-2,2019,H
2020-07-02,Atalanta,SSC Napoli,2,0,2-0,2019,H
2020-07-02,AS Roma,Udinese Calcio,0,2,0-2,2019,A
2020-07-04,Juventus,Torino FC,4,1,4-1,2019,H
2020-07-04,Sassuolo Calcio,US Lecce,4,2,4-2,2019,H
2020-07-04,Lazio Roma,AC Milan,0,3,0-3,2019,A
2020-07-05,Inter,Bologna FC,1,2,1-2,2019,A
2020-07-05,Brescia Calcio,Hellas Verona,2,0,2-0,2019,H
2020-07-05,Cagliari Calcio,Atalanta,0,1,0-1,2019,A
2020-07-05,Parma FC,ACF Fiorentina,1,2,1-2,2019,A
2020-07-05,Sampdoria,SPAL 1907 Ferrara,3,0,3-0,2019,H
2020-07-05,Udinese Calcio,Genoa CFC,2,2,2-2,2019,D
2020-07-05,SSC Napoli,AS Roma,2,1,2-1,2019,H
2020-07-07,US Lecce,Lazio Roma,2,1,2-1,2019,H
2020-07-07,AC Milan,Juventus,4,2,4-2,2019,H
2020-07-08,ACF Fiorentina,Cagliari Calcio,0,0,0-0,2019,D
2020-07-08,Genoa CFC,SSC Napoli,1,2,1-2,2019,A
2020-07-08,Atalanta,Sampdoria,2,0,2-0,2019,H
2020-07-08,Bologna FC,Sassuolo Calcio,1,2,1-2,2019,A
2020-07-08,AS Roma,Parma FC,2,1,2-1,2019,H
2020-07-08,Torino FC,Brescia Calcio,3,1,3-1,2019,H
2020-07-09,SPAL 1907 Ferrara,Udinese Calcio,0,3,0-3,2019,A
2020-07-09,Hellas Verona,Inter,2,2,2-2,2019,D
2020-07-11,Lazio Roma,Sassuolo Calcio,1,2,1-2,2019,A
2020-07-11,Brescia Calcio,AS Roma,0,3,0-3,2019,A
2020-07-11,Juventus,Atalanta,2,2,2-2,2019,D
2020-07-12,Genoa CFC,SPAL 1907 Ferrara,2,0,2-0,2019,H
2020-07-12,Cagliari Calcio,US Lecce,0,0,0-0,2019,D
2020-07-12,ACF Fiorentina,Hellas Verona,1,1,1-1,2019,D
2020-07-12,Parma FC,Bologna FC,2,2,2-2,2019,D
2020-07-12,Udinese Calcio,Sampdoria,1,3,1-3,2019,A
2020-07-12,SSC Napoli,AC Milan,2,2,2-2,2019,D
2020-07-13,Inter,Torino FC,3,1,3-1,2019,H
2020-07-14,Atalanta,Brescia Calcio,6,2,6-2,2019,H
2020-07-15,Bologna FC,SSC Napoli,1,1,1-1,2019,D
2020-07-15,AC Milan,Parma FC,3,1,3-1,2019,H
2020-07-15,Sampdoria,Cagliari Calcio,3,0,3-0,2019,H
2020-07-15,US Lecce,ACF Fiorentina,1,3,1-3,2019,A
2020-07-15,AS Roma,Hellas Verona,2,1,2-1,2019,H
2020-07-15,Sassuolo Calcio,Juventus,3,3,3-3,2019,D
2020-07-15,Udinese Calcio,Lazio Roma,0,0,0-0,2019,D
2020-07-16,Torino FC,Genoa CFC,3,0,3-0,2019,H
2020-07-16,SPAL 1907 Ferrara,Inter,0,4,0-4,2019,A
2020-07-18,Hellas Verona,Atalanta,1,1,1-1,2019,D
2020-07-18,Cagliari Calcio,Sassuolo Calcio,1,1,1-1,2019,D
2020-07-18,AC Milan,Bologna FC,5,1,5-1,2019,H
2020-07-19,Parma FC,Sampdoria,2,3,2-3,2019,A
2020-07-19,Brescia Calcio,SPAL 1907 Ferrara,2,1,2-1,2019,H
2020-07-19,ACF Fiorentina,Torino FC,2,0,2-0,2019,H
2020-07-19,Genoa CFC,US Lecce,2,1,2-1,2019,H
2020-07-19,SSC Napoli,Udinese Calcio,2,1,2-1,2019,H
2020-07-19,AS Roma,Inter,2,2,2-2,2019,D
2020-07-20,Juventus,Lazio Roma,2,1,2-1,2019,H
2020-07-21,Atalanta,Bologna FC,1,0,1-0,2019,H
2020-07-21,Sassuolo Calcio,AC Milan,1,2,1-2,2019,A
2020-07-22,Parma FC,SSC Napoli,2,1,2-1,2019,H
2020-07-22,Inter,ACF Fiorentina,0,0,0-0,2019,D
2020-07-22,US Lecce,Brescia Calcio,3,1,3-1,2019,H
2020-07-22,Sampdoria,Genoa CFC,1,2,1-2,2019,A
2020-07-22,SPAL 1907 Ferrara,AS Roma,1,6,1-6,2019,A
2020-07-22,Torino FC,Hellas Verona,1,1,1-1,2019,D
2020-07-23,Udinese Calcio,Juventus,2,1,2-1,2019,H
2020-07-23,Lazio Roma,Cagliari Calcio,2,1,2-1,2019,H
2020-07-24,AC Milan,Atalanta,1,1,1-1,2019,D
2020-07-25,Brescia Calcio,Parma FC,1,2,1-2,2019,A
2020-07-25,Genoa CFC,Inter,0,3,0-3,2019,A
2020-07-25,SSC Napoli,Sassuolo Calcio,2,0,2-0,2019,H
2020-07-26,Bologna FC,US Lecce,3,2,3-2,2019,H
2020-07-26,Cagliari Calcio,Udinese Calcio,0,1,0-1,2019,A
2020-07-26,AS Roma,ACF Fiorentina,2,1,2-1,2019,H
2020-07-26,SPAL 1907 Ferrara,Torino FC,1,1,1-1,2019,D
2020-07-26,Hellas Verona,Lazio Roma,1,5,1-5,2019,A
2020-07-26,Juventus,Sampdoria,2,0,2-0,2019,H
2020-07-28,Parma FC,Atalanta,1,2,1-2,2019,A
2020-07-28,Inter,SSC Napoli,2,0,2-0,2019,H
2020-07-29,Lazio Roma,Brescia Calcio,2,0,2-0,2019,H
2020-07-29,Sampdoria,AC Milan,1,4,1-4,2019,A
2020-07-29,Sassuolo Calcio,Genoa CFC,5,0,5-0,2019,H
2020-07-29,Udinese Calcio,US Lecce,1,2,1-2,2019,A
2020-07-29,Hellas Verona,SPAL 1907 Ferrara,3,0,3-0,2019,H
2020-07-29,Cagliari Calcio,Juventus,2,0,2-0,2019,H
2020-07-29,ACF Fiorentina,Bologna FC,4,0,4-0,2019,H
2020-07-29,Torino FC,AS Roma,2,3,2-3,2019,A
2020-08-01,Brescia Calcio,Sampdoria,1,1,1-1,2019,D
2020-08-01,Atalanta,Inter,0,2,0-2,2019,A
2020-08-01,Juventus,AS Roma,1,3,1-3,2019,A
2020-08-01,AC Milan,Cagliari Calcio,3,0,3-0,2019,H
2020-08-01,SSC Napoli,Lazio Roma,3,1,3-1,2019,H
2020-08-02,SPAL 1907 Ferrara,ACF Fiorentina,1,3,1-3,2019,A
2020-08-02,Bologna FC,Torino FC,1,1,1-1,2019,D
2020-08-02,Genoa CFC,Hellas Verona,3,0,3-0,2019,H
2020-08-02,US Lecce,Parma FC,3,4,3-4,2019,A
2020-08-02,Sassuolo Calcio,Udinese Calcio,0,1,0-1,2019,A
2020-09-19,ACF Fiorentina,Torino FC,1,0,1-0,2020,H
2020-09-19,Hellas Verona,AS Roma,0,0,0-0,2020,D
2020-09-20,Parma FC,SSC Napoli,0,2,0-2,2020,A
2020-09-20,Genoa CFC,FC Crotone,4,1,4-1,2020,H
2020-09-20,Sassuolo Calcio,Cagliari Calcio,1,1,1-1,2020,D
2020-09-20,Juventus,Sampdoria,3,0,3-0,2020,H
2020-09-21,AC Milan,Bologna FC,2,0,2-0,2020,H
2020-09-26,Torino FC,Atalanta,2,4,2-4,2020,A
2020-09-26,Cagliari Calcio,Lazio Roma,0,2,0-2,2020,A
2020-09-26,Sampdoria,Benevento,2,3,2-3,2020,A
2020-09-26,Inter,ACF Fiorentina,4,3,4-3,2020,H
2020-09-27,Spezia Calcio,Sassuolo Calcio,1,4,1-4,2020,A
2020-09-27,SSC Napoli,Genoa CFC,6,0,6-0,2020,H
2020-09-27,Hellas Verona,Udinese Calcio,1,0,1-0,2020,H
2020-09-27,FC Crotone,AC Milan,0,2,0-2,2020,A
2020-09-27,AS Roma,Juventus,2,2,2-2,2020,D
2020-09-28,Bologna FC,Parma FC,4,1,4-1,2020,H
2020-09-30,Benevento,Inter,2,5,2-5,2020,A
2020-09-30,Udinese Calcio,Spezia Calcio,0,2,0-2,2020,A
2020-09-30,Lazio Roma,Atalanta,1,4,1-4,2020,A
2020-10-02,ACF Fiorentina,Sampdoria,1,2,1-2,2020,A
2020-10-03,Sassuolo Calcio,FC Crotone,4,1,4-1,2020,H
2020-10-03,Udinese Calcio,AS Roma,0,1,0-1,2020,A
2020-10-04,Atalanta,Cagliari Calcio,5,2,5-2,2020,H
2020-10-04,Benevento,Bologna FC,1,0,1-0,2020,H
2020-10-04,Lazio Roma,Inter,1,1,1-1,2020,D
2020-10-04,Parma FC,Hellas Verona,1,0,1-0,2020,H
2020-10-04,AC Milan,Spezia Calcio,3,0,3-0,2020,H
2020-10-17,SSC Napoli,Atalanta,4,1,4-1,2020,H
2020-10-17,Inter,AC Milan,1,2,1-2,2020,A
2020-10-17,Sampdoria,Lazio Roma,3,0,3-0,2020,H
2020-10-17,FC Crotone,Juventus,1,1,1-1,2020,D
2020-10-18,Bologna FC,Sassuolo Calcio,3,4,3-4,2020,A
2020-10-18,Spezia Calcio,ACF Fiorentina,2,2,2-2,2020,D
2020-10-18,Torino FC,Cagliari Calcio,2,3,2-3,2020,A
2020-10-18,Udinese Calcio,Parma FC,3,2,3-2,2020,H
2020-10-18,AS Roma,Benevento,5,2,5-2,2020,H
2020-10-19,Hellas Verona,Genoa CFC,0,0,0-0,2020,D
2020-10-23,Sassuolo Calcio,Torino FC,3,3,3-3,2020,D
2020-10-24,Atalanta,Sampdoria,1,3,1-3,2020,A
2020-10-24,Genoa CFC,Inter,0,2,0-2,2020,A
2020-10-24,Lazio Roma,Bologna FC,2,1,2-1,2020,H
2020-10-25,Cagliari Calcio,FC Crotone,4,2,4-2,2020,H
2020-10-25,Benevento,SSC Napoli,1,2,1-2,2020,A
2020-10-25,Parma FC,Spezia Calcio,2,2,2-2,2020,D
2020-10-25,ACF Fiorentina,Udinese Calcio,3,2,3-2,2020,H
2020-10-25,Juventus,Hellas Verona,1,1,1-1,2020,D
2020-10-26,AC Milan,AS Roma,3,3,3-3,2020,D
2020-10-31,FC Crotone,Atalanta,1,2,1-2,2020,A
2020-10-31,Inter,Parma FC,2,2,2-2,2020,D
2020-10-31,Bologna FC,Cagliari Calcio,3,2,3-2,2020,H
2020-11-01,Udinese Calcio,AC Milan,1,2,1-2,2020,A
2020-11-01,Spezia Calcio,Juventus,1,4,1-4,2020,A
2020-11-01,Torino FC,Lazio Roma,3,4,3-4,2020,A
2020-11-01,SSC Napoli,Sassuolo Calcio,0,2,0-2,2020,A
2020-11-01,AS Roma,ACF Fiorentina,2,0,2-0,2020,H
2020-11-01,Sampdoria,Genoa CFC,1,1,1-1,2020,D
2020-11-02,Hellas Verona,Benevento,3,1,3-1,2020,H
2020-11-04,Genoa CFC,Torino FC,1,2,1-2,2020,A
2020-11-06,Sassuolo Calcio,Udinese Calcio,0,0,0-0,2020,D
2020-11-07,Cagliari Calcio,Sampdoria,2,0,2-0,2020,H
2020-11-07,Benevento,Spezia Calcio,0,3,0-3,2020,A
2020-11-07,Parma FC,ACF Fiorentina,0,0,0-0,2020,D
2020-11-08,Lazio Roma,Juventus,1,1,1-1,2020,D
2020-11-08,Atalanta,Inter,1,1,1-1,2020,D
2020-11-08,Genoa CFC,AS Roma,1,3,1-3,2020,A
2020-11-08,Torino FC,FC Crotone,0,0,0-0,2020,D
2020-11-08,Bologna FC,SSC Napoli,0,1,0-1,2020,A
2020-11-08,AC Milan,Hellas Verona,2,2,2-2,2020,D
2020-11-21,FC Crotone,Lazio Roma,0,2,0-2,2020,A
2020-11-21,Spezia Calcio,Atalanta,0,0,0-0,2020,D
2020-11-21,Juventus,Cagliari Calcio,2,0,2-0,2020,H
2020-11-22,ACF Fiorentina,Benevento,0,1,0-1,2020,A
2020-11-22,Inter,Torino FC,4,2,4-2,2020,H
2020-11-22,AS Roma,Parma FC,3,0,3-0,2020,H
2020-11-22,Sampdoria,Bologna FC,1,2,1-2,2020,A
2020-11-22,Hellas Verona,Sassuolo Calcio,0,2,0-2,2020,A
2020-11-22,Udinese Calcio,Genoa CFC,1,0,1-0,2020,H
2020-11-22,SSC Napoli,AC Milan,1,3,1-3,2020,A
2020-11-28,Sassuolo Calcio,Inter,0,3,0-3,2020,A
2020-11-28,Benevento,Juventus,1,1,1-1,2020,D
2020-11-28,Atalanta,Hellas Verona,0,2,0-2,2020,A
2020-11-29,Lazio Roma,Udinese Calcio,1,3,1-3,2020,A
2020-11-29,Bologna FC,FC Crotone,1,0,1-0,2020,H
2020-11-29,AC Milan,ACF Fiorentina,2,0,2-0,2020,H
2020-11-29,Cagliari Calcio,Spezia Calcio,2,2,2-2,2020,D
2020-11-29,SSC Napoli,AS Roma,4,0,4-0,2020,H
2020-11-30,Torino FC,Sampdoria,2,2,2-2,2020,D
2020-11-30,Genoa CFC,Parma FC,1,2,1-2,2020,A
2020-12-05,Spezia Calcio,Lazio Roma,1,2,1-2,2020,A
2020-12-05,Juventus,Torino FC,2,1,2-1,2020,H
2020-12-05,Inter,Bologna FC,3,1,3-1,2020,H
2020-12-06,Hellas Verona,Cagliari Calcio,1,1,1-1,2020,D
2020-12-06,Parma FC,Benevento,0,0,0-0,2020,D
2020-12-06,AS Roma,Sassuolo Calcio,0,0,0-0,2020,D
2020-12-06,FC Crotone,SSC Napoli,0,4,0-4,2020,A
2020-12-06,Sampdoria,AC Milan,1,2,1-2,2020,A
2020-12-07,ACF Fiorentina,Genoa CFC,1,1,1-1,2020,D
2020-12-11,Sassuolo Calcio,Benevento,1,0,1-0,2020,H
2020-12-12,FC Crotone,Spezia Calcio,4,1,4-1,2020,H
2020-12-12,Torino FC,Udinese Calcio,2,3,2-3,2020,A
2020-12-12,Lazio Roma,Hellas Verona,1,2,1-2,2020,A
2020-12-13,Cagliari Calcio,Inter,1,3,1-3,2020,A
2020-12-13,Atalanta,ACF Fiorentina,3,0,3-0,2020,H
2020-12-13,Bologna FC,AS Roma,1,5,1-5,2020,A
2020-12-13,SSC Napoli,Sampdoria,2,1,2-1,2020,H
2020-12-13,Genoa CFC,Juventus,1,3,1-3,2020,A
2020-12-13,AC Milan,Parma FC,2,2,2-2,2020,D
2020-12-15,Udinese Calcio,FC Crotone,0,0,0-0,2020,D
2020-12-15,Benevento,Lazio Roma,1,1,1-1,2020,D
2020-12-16,Juventus,Atalanta,1,1,1-1,2020,D
2020-12-16,ACF Fiorentina,Sassuolo Calcio,1,1,1-1,2020,D
2020-12-16,Genoa CFC,AC Milan,2,2,2-2,2020,D
2020-12-16,Inter,SSC Napoli,1,0,1-0,2020,H
2020-12-16,Parma FC,Cagliari Calcio,0,0,0-0,2020,D
2020-12-16,Spezia Calcio,Bologna FC,2,2,2-2,2020,D
2020-12-16,Hellas Verona,Sampdoria,1,2,1-2,2020,A
2020-12-17,AS Roma,Torino FC,3,1,3-1,2020,H
2020-12-19,ACF Fiorentina,Hellas Verona,1,1,1-1,2020,D
2020-12-19,Sampdoria,FC Crotone,3,1,3-1,2020,H
2020-12-19,Parma FC,Juventus,0,4,0-4,2020,A
2020-12-20,Torino FC,Bologna FC,1,1,1-1,2020,D
2020-12-20,Benevento,Genoa CFC,2,0,2-0,2020,H
2020-12-20,Cagliari Calcio,Udinese Calcio,1,1,1-1,2020,D
2020-12-20,Inter,Spezia Calcio,2,1,2-1,2020,H
2020-12-20,Sassuolo Calcio,AC Milan,1,2,1-2,2020,A
2020-12-20,Atalanta,AS Roma,4,1,4-1,2020,H
2020-12-20,Lazio Roma,SSC Napoli,2,0,2-0,2020,H
2020-12-22,FC Crotone,Parma FC,2,1,2-1,2020,H
2020-12-22,Juventus,ACF Fiorentina,0,3,0-3,2020,A
2020-12-23,Hellas Verona,Inter,1,2,1-2,2020,A
2020-12-23,Bologna FC,Atalanta,2,2,2-2,2020,D
2020-12-23,AC Milan,Lazio Roma,3,2,3-2,2020,H
2020-12-23,SSC Napoli,Torino FC,1,1,1-1,2020,D
2020-12-23,AS Roma,Cagliari Calcio,3,2,3-2,2020,H
2020-12-23,Sampdoria,Sassuolo Calcio,2,3,2-3,2020,A
2020-12-23,Spezia Calcio,Genoa CFC,1,2,1-2,2020,A
2020-12-23,Udinese Calcio,Benevento,0,2,0-2,2020,A
2021-01-03,Inter,FC Crotone,6,2,6-2,2020,H
2021-01-03,Atalanta,Sassuolo Calcio,5,1,5-1,2020,H
2021-01-03,Cagliari Calcio,SSC Napoli,1,4,1-4,2020,A
2021-01-03,ACF Fiorentina,Bologna FC,0,0,0-0,2020,D
2021-01-03,Genoa CFC,Lazio Roma,1,1,1-1,2020,D
2021-01-03,Parma FC,Torino FC,0,3,0-3,2020,A
2021-01-03,AS Roma,Sampdoria,1,0,1-0,2020,H
2021-01-03,Spezia Calcio,Hellas Verona,0,1,0-1,2020,A
2021-01-03,Benevento,AC Milan,0,2,0-2,2020,A
2021-01-03,Juventus,Udinese Calcio,4,1,4-1,2020,H
2021-01-06,Cagliari Calcio,Benevento,1,2,1-2,2020,A
2021-01-06,Atalanta,Parma FC,3,0,3-0,2020,H
2021-01-06,Bologna FC,Udinese Calcio,2,2,2-2,2020,D
2021-01-06,FC Crotone,AS Roma,1,3,1-3,2020,A
2021-01-06,Lazio Roma,ACF Fiorentina,2,1,2-1,2020,H
2021-01-06,Sampdoria,Inter,2,1,2-1,2020,H
2021-01-06,Sassuolo Calcio,Genoa CFC,2,1,2-1,2020,H
2021-01-06,Torino FC,Hellas Verona,1,1,1-1,2020,D
2021-01-06,SSC Napoli,Spezia Calcio,1,2,1-2,2020,A
2021-01-06,AC Milan,Juventus,1,3,1-3,2020,A
2021-01-09,Benevento,Atalanta,1,4,1-4,2020,A
2021-01-09,Genoa CFC,Bologna FC,2,0,2-0,2020,H
2021-01-09,AC Milan,Torino FC,2,0,2-0,2020,H
2021-01-10,AS Roma,Inter,2,2,2-2,2020,D
2021-01-10,Parma FC,Lazio Roma,0,2,0-2,2020,A
2021-01-10,Udinese Calcio,SSC Napoli,1,2,1-2,2020,A
2021-01-10,Hellas Verona,FC Crotone,2,1,2-1,2020,H
2021-01-10,ACF Fiorentina,Cagliari Calcio,1,0,1-0,2020,H
2021-01-10,Juventus,Sassuolo Calcio,3,1,3-1,2020,H
2021-01-11,Spezia Calcio,Sampdoria,2,1,2-1,2020,H
2021-01-15,Lazio Roma,AS Roma,3,0,3-0,2020,H
2021-01-16,Bologna FC,Hellas Verona,1,0,1-0,2020,H
2021-01-16,Torino FC,Spezia Calcio,0,0,0-0,2020,D
2021-01-16,Sampdoria,Udinese Calcio,2,1,2-1,2020,H
2021-01-17,SSC Napoli,ACF Fiorentina,6,0,6-0,2020,H
2021-01-17,FC Crotone,Benevento,4,1,4-1,2020,H
2021-01-17,Sassuolo Calcio,Parma FC,1,1,1-1,2020,D
2021-01-17,Atalanta,Genoa CFC,0,0,0-0,2020,D
2021-01-17,Inter,Juventus,2,0,2-0,2020,H
2021-01-18,Cagliari Calcio,AC Milan,0,2,0-2,2020,A
2021-01-20,Udinese Calcio,Atalanta,1,1,1-1,2020,D
2021-01-22,Benevento,Torino FC,2,2,2-2,2020,D
2021-01-23,AS Roma,Spezia Calcio,4,3,4-3,2020,H
2021-01-23,AC Milan,Atalanta,0,3,0-3,2020,A
2021-01-23,Udinese Calcio,Inter,0,0,0-0,2020,D
2021-01-23,ACF Fiorentina,FC Crotone,2,1,2-1,2020,H
2021-01-24,Juventus,Bologna FC,2,0,2-0,2020,H
2021-01-24,Genoa CFC,Cagliari Calcio,1,0,1-0,2020,H
2021-01-24,Hellas Verona,SSC Napoli,3,1,3-1,2020,H
2021-01-24,Lazio Roma,Sassuolo Calcio,2,1,2-1,2020,H
2021-01-24,Parma FC,Sampdoria,0,2,0-2,2020,A
2021-01-29,Torino FC,ACF Fiorentina,1,1,1-1,2020,D
2021-01-30,Bologna FC,AC Milan,1,2,1-2,2020,A
2021-01-30,Sampdoria,Juventus,0,2,0-2,2020,A
2021-01-30,Inter,Benevento,4,0,4-0,2020,H
2021-01-31,Spezia Calcio,Udinese Calcio,0,1,0-1,2020,A
2021-01-31,Atalanta,Lazio Roma,1,3,1-3,2020,A
2021-01-31,Cagliari Calcio,Sassuolo Calcio,1,1,1-1,2020,D
2021-01-31,FC Crotone,Genoa CFC,0,3,0-3,2020,A
2021-01-31,SSC Napoli,Parma FC,2,0,2-0,2020,H
2021-01-31,AS Roma,Hellas Verona,3,1,3-1,2020,H
2021-02-05,ACF Fiorentina,Inter,0,2,0-2,2020,A
2021-02-06,Atalanta,Torino FC,3,3,3-3,2020,D
2021-02-06,Sassuolo Calcio,Spezia Calcio,1,2,1-2,2020,A
2021-02-06,Juventus,AS Roma,2,0,2-0,2020,H
2021-02-06,Genoa CFC,SSC Napoli,2,1,2-1,2020,H
2021-02-07,Benevento,Sampdoria,1,1,1-1,2020,D
2021-02-07,AC Milan,FC Crotone,4,0,4-0,2020,H
2021-02-07,Udinese Calcio,Hellas Verona,2,0,2-0,2020,H
2021-02-07,Parma FC,Bologna FC,0,3,0-3,2020,A
2021-02-07,Lazio Roma,Cagliari Calcio,1,0,1-0,2020,H
2021-02-12,Bologna FC,Benevento,1,1,1-1,2020,D
2021-02-13,Torino FC,Genoa CFC,0,0,0-0,2020,D
2021-02-13,SSC Napoli,Juventus,1,0,1-0,2020,H
2021-02-13,Spezia Calcio,AC Milan,2,0,2-0,2020,H
2021-02-14,AS Roma,Udinese Calcio,3,0,3-0,2020,H
2021-02-14,Cagliari Calcio,Atalanta,0,1,0-1,2020,A
2021-02-14,Sampdoria,ACF Fiorentina,2,1,2-1,2020,H
2021-02-14,FC Crotone,Sassuolo Calcio,1,2,1-2,2020,A
2021-02-14,Inter,Lazio Roma,3,1,3-1,2020,H
2021-02-15,Hellas Verona,Parma FC,2,1,2-1,2020,H
2021-02-19,ACF Fiorentina,Spezia Calcio,3,0,3-0,2020,H
2021-02-19,Cagliari Calcio,Torino FC,0,1,0-1,2020,A
2021-02-20,Lazio Roma,Sampdoria,1,0,1-0,2020,H
2021-02-20,Genoa CFC,Hellas Verona,2,2,2-2,2020,D
2021-02-20,Sassuolo Calcio,Bologna FC,1,1,1-1,2020,D
2021-02-21,Parma FC,Udinese Calcio,2,2,2-2,2020,D
2021-02-21,AC Milan,Inter,0,3,0-3,2020,A
2021-02-21,Atalanta,SSC Napoli,4,2,4-2,2020,H
2021-02-21,Benevento,AS Roma,0,0,0-0,2020,D
2021-02-22,Juventus,FC Crotone,3,0,3-0,2020,H
2021-02-27,Spezia Calcio,Parma FC,2,2,2-2,2020,D
2021-02-27,Bologna FC,Lazio Roma,2,0,2-0,2020,H
2021-02-27,Hellas Verona,Juventus,1,1,1-1,2020,D
2021-02-28,Sampdoria,Atalanta,0,2,0-2,2020,A
2021-02-28,FC Crotone,Cagliari Calcio,0,2,0-2,2020,A
2021-02-28,Inter,Genoa CFC,3,0,3-0,2020,H
2021-02-28,Udinese Calcio,ACF Fiorentina,1,0,1-0,2020,H
2021-02-28,SSC Napoli,Benevento,2,0,2-0,2020,H
2021-02-28,AS Roma,AC Milan,1,2,1-2,2020,A
2021-03-02,Juventus,Spezia Calcio,3,0,3-0,2020,H
2021-03-03,Sassuolo Calcio,SSC Napoli,3,3,3-3,2020,D
2021-03-03,Atalanta,FC Crotone,5,1,5-1,2020,H
2021-03-03,Benevento,Hellas Verona,0,3,0-3,2020,A
2021-03-03,Cagliari Calcio,Bologna FC,1,0,1-0,2020,H
2021-03-03,ACF Fiorentina,AS Roma,1,2,1-2,2020,A
2021-03-03,Genoa CFC,Sampdoria,1,1,1-1,2020,D
2021-03-03,AC Milan,Udinese Calcio,1,1,1-1,2020,D
2021-03-04,Parma FC,Inter,1,2,1-2,2020,A
2021-03-06,Spezia Calcio,Benevento,1,1,1-1,2020,D
2021-03-06,Udinese Calcio,Sassuolo Calcio,2,0,2-0,2020,H
2021-03-06,Juventus,Lazio Roma,3,1,3-1,2020,H
2021-03-07,AS Roma,Genoa CFC,1,0,1-0,2020,H
2021-03-07,FC Crotone,Torino FC,4,2,4-2,2020,H
2021-03-07,ACF Fiorentina,Parma FC,3,3,3-3,2020,D
2021-03-07,Hellas Verona,AC Milan,0,2,0-2,2020,A
2021-03-07,Sampdoria,Cagliari Calcio,2,2,2-2,2020,D
2021-03-07,SSC Napoli,Bologna FC,3,1,3-1,2020,H
2021-03-08,Inter,Atalanta,1,0,1-0,2020,H
2021-03-12,Lazio Roma,FC Crotone,3,2,3-2,2020,H
2021-03-12,Atalanta,Spezia Calcio,3,1,3-1,2020,H
2021-03-13,Sassuolo Calcio,Hellas Verona,3,2,3-2,2020,H
2021-03-13,Benevento,ACF Fiorentina,1,4,1-4,2020,A
2021-03-13,Genoa CFC,Udinese Calcio,1,1,1-1,2020,D
2021-03-14,Bologna FC,Sampdoria,3,1,3-1,2020,H
2021-03-14,Parma FC,AS Roma,2,0,2-0,2020,H
2021-03-14,Torino FC,Inter,1,2,1-2,2020,A
2021-03-14,Cagliari Calcio,Juventus,1,3,1-3,2020,A
2021-03-14,AC Milan,SSC Napoli,0,1,0-1,2020,A
2021-03-17,Torino FC,Sassuolo Calcio,3,2,3-2,2020,H
2021-03-19,Parma FC,Genoa CFC,1,2,1-2,2020,A
2021-03-20,FC Crotone,Bologna FC,2,3,2-3,2020,A
2021-03-20,Spezia Calcio,Cagliari Calcio,2,1,2-1,2020,H
2021-03-21,Hellas Verona,Atalanta,0,2,0-2,2020,A
2021-03-21,Juventus,Benevento,0,1,0-1,2020,A
2021-03-21,Sampdoria,Torino FC,1,0,1-0,2020,H
2021-03-21,Udinese Calcio,Lazio Roma,0,1,0-1,2020,A
2021-03-21,ACF Fiorentina,AC Milan,2,3,2-3,2020,A
2021-03-21,AS Roma,SSC Napoli,0,2,0-2,2020,A
2021-04-03,AC Milan,Sampdoria,1,1,1-1,2020,D
2021-04-03,Atalanta,Udinese Calcio,3,2,3-2,2020,H
2021-04-03,Benevento,Parma FC,2,2,2-2,2020,D
2021-04-03,Cagliari Calcio,Hellas Verona,0,2,0-2,2020,A
2021-04-03,Genoa CFC,ACF Fiorentina,1,1,1-1,2020,D
2021-04-03,Lazio Roma,Spezia Calcio,2,1,2-1,2020,H
2021-04-03,SSC Napoli,FC Crotone,4,3,4-3,2020,H
2021-04-03,Sassuolo Calcio,AS Roma,2,2,2-2,2020,D
2021-04-03,Torino FC,Juventus,2,2,2-2,2020,D
2021-04-03,Bologna FC,Inter,0,1,0-1,2020,A
2021-04-07,Inter,Sassuolo Calcio,2,1,2-1,2020,H
2021-04-07,Juventus,SSC Napoli,2,1,2-1,2020,H
2021-04-10,Spezia Calcio,FC Crotone,3,2,3-2,2020,H
2021-04-10,Parma FC,AC Milan,1,3,1-3,2020,A
2021-04-10,Udinese Calcio,Torino FC,0,1,0-1,2020,A
2021-04-11,Inter,Cagliari Calcio,1,0,1-0,2020,H
2021-04-11,Juventus,Genoa CFC,3,1,3-1,2020,H
2021-04-11,Sampdoria,SSC Napoli,0,2,0-2,2020,A
2021-04-11,Hellas Verona,Lazio Roma,0,1,0-1,2020,A
2021-04-11,AS Roma,Bologna FC,1,0,1-0,2020,H
2021-04-11,ACF Fiorentina,Atalanta,2,3,2-3,2020,A
2021-04-12,Benevento,Sassuolo Calcio,0,1,0-1,2020,A
2021-04-17,FC Crotone,Udinese Calcio,1,2,1-2,2020,A
2021-04-17,Sampdoria,Hellas Verona,3,1,3-1,2020,H
2021-04-17,Sassuolo Calcio,ACF Fiorentina,3,1,3-1,2020,H
2021-04-17,Cagliari Calcio,Parma FC,4,3,4-3,2020,H
2021-04-18,AC Milan,Genoa CFC,2,1,2-1,2020,H
2021-04-18,Atalanta,Juventus,1,0,1-0,2020,H
2021-04-18,Bologna FC,Spezia Calcio,4,1,4-1,2020,H
2021-04-18,Lazio Roma,Benevento,5,3,5-3,2020,H
2021-04-18,Torino FC,AS Roma,3,1,3-1,2020,H
2021-04-18,SSC Napoli,Inter,1,1,1-1,2020,D
2021-04-20,Hellas Verona,ACF Fiorentina,1,2,1-2,2020,A
2021-04-21,AC Milan,Sassuolo Calcio,1,2,1-2,2020,A
2021-04-21,Bologna FC,Torino FC,1,1,1-1,2020,D
2021-04-21,FC Crotone,Sampdoria,0,1,0-1,2020,A
2021-04-21,Genoa CFC,Benevento,2,2,2-2,2020,D
2021-04-21,Juventus,Parma FC,3,1,3-1,2020,H
2021-04-21,Spezia Calcio,Inter,1,1,1-1,2020,D
2021-04-21,Udinese Calcio,Cagliari Calcio,0,1,0-1,2020,A
2021-04-22,AS Roma,Atalanta,1,1,1-1,2020,D
2021-04-22,SSC Napoli,Lazio Roma,5,2,5-2,2020,H
2021-04-24,Genoa CFC,Spezia Calcio,2,0,2-0,2020,H
2021-04-24,Parma FC,FC Crotone,3,4,3-4,2020,A
2021-04-24,Sassuolo Calcio,Sampdoria,1,0,1-0,2020,H
2021-04-25,Benevento,Udinese Calcio,2,4,2-4,2020,A
2021-04-25,ACF Fiorentina,Juventus,1,1,1-1,2020,D
2021-04-25,Inter,Hellas Verona,1,0,1-0,2020,H
2021-04-25,Cagliari Calcio,AS Roma,3,2,3-2,2020,H
2021-04-25,Atalanta,Bologna FC,5,0,5-0,2020,H
2021-04-26,Torino FC,SSC Napoli,0,2,0-2,2020,A
2021-04-26,Lazio Roma,AC Milan,3,0,3-0,2020,H
2021-05-01,Hellas Verona,Spezia Calcio,1,1,1-1,2020,D
2021-05-01,FC Crotone,Inter,0,2,0-2,2020,A
2021-05-01,AC Milan,Benevento,2,0,2-0,2020,H
2021-05-02,Lazio Roma,Genoa CFC,4,3,4-3,2020,H
2021-05-02,Bologna FC,ACF Fiorentina,3,3,3-3,2020,D
2021-05-02,SSC Napoli,Cagliari Calcio,1,1,1-1,2020,D
2021-05-02,Sassuolo Calcio,Atalanta,1,1,1-1,2020,D
2021-05-02,Udinese Calcio,Juventus,1,2,1-2,2020,A
2021-05-02,Sampdoria,AS Roma,2,0,2-0,2020,H
2021-05-03,Torino FC,Parma FC,1,0,1-0,2020,H
2021-05-08,Spezia Calcio,SSC Napoli,1,4,1-4,2020,A
2021-05-08,Udinese Calcio,Bologna FC,1,1,1-1,2020,D
2021-05-08,Inter,Sampdoria,5,1,5-1,2020,H
2021-05-08,ACF Fiorentina,Lazio Roma,2,0,2-0,2020,H
2021-05-09,Genoa CFC,Sassuolo Calcio,1,2,1-2,2020,A
2021-05-09,Benevento,Cagliari Calcio,1,3,1-3,2020,A
2021-05-09,Parma FC,Atalanta,2,5,2-5,2020,A
2021-05-09,Hellas Verona,Torino FC,1,1,1-1,2020,D
2021-05-09,AS Roma,FC Crotone,5,0,5-0,2020,H
2021-05-09,Juventus,AC Milan,0,3,0-3,2020,A
2021-05-11,SSC Napoli,Udinese Calcio,5,1,5-1,2020,H
2021-05-12,Cagliari Calcio,ACF Fiorentina,0,0,0-0,2020,D
2021-05-12,Atalanta,Benevento,2,0,2-0,2020,H
2021-05-12,Bologna FC,Genoa CFC,0,2,0-2,2020,A
2021-05-12,Inter,AS Roma,3,1,3-1,2020,H
2021-05-12,Lazio Roma,Parma FC,1,0,1-0,2020,H
2021-05-12,Sampdoria,Spezia Calcio,2,2,2-2,2020,D
2021-05-12,Sassuolo Calcio,Juventus,1,3,1-3,2020,A
2021-05-12,Torino FC,AC Milan,0,7,0-7,2020,A
2021-05-13,FC Crotone,Hellas Verona,2,1,2-1,2020,H
2021-05-15,Genoa CFC,Atalanta,3,4,3-4,2020,A
2021-05-15,Spezia Calcio,Torino FC,4,1,4-1,2020,H
2021-05-15,Juventus,Inter,3,2,3-2,2020,H
2021-05-15,AS Roma,Lazio Roma,2,0,2-0,2020,H
2021-05-16,ACF Fiorentina,SSC Napoli,0,2,0-2,2020,A
2021-05-16,Benevento,FC Crotone,1,1,1-1,2020,D
2021-05-16,Udinese Calcio,Sampdoria,0,1,0-1,2020,A
2021-05-16,Parma FC,Sassuolo Calcio,1,3,1-3,2020,A
2021-05-16,AC Milan,Cagliari Calcio,0,0,0-0,2020,D
2021-05-17,Hellas Verona,Bologna FC,2,2,2-2,2020,D
2021-05-18,Lazio Roma,Torino FC,0,0,0-0,2020,D
2021-05-22,Cagliari Calcio,Genoa CFC,0,1,0-1,2020,A
2021-05-22,FC Crotone,ACF Fiorentina,0,0,0-0,2020,D
2021-05-22,Sampdoria,Parma FC,3,0,3-0,2020,H
2021-05-23,Inter,Udinese Calcio,5,1,5-1,2020,H
2021-05-23,Atalanta,AC Milan,0,2,0-2,2020,A
2021-05-23,Bologna FC,Juventus,1,4,1-4,2020,A
2021-05-23,SSC Napoli,Hellas Verona,1,1,1-1,2020,D
2021-05-23,Sassuolo Calcio,Lazio Roma,2,0,2-0,2020,H
2021-05-23,Spezia Calcio,AS Roma,2,2,2-2,2020,D
2021-05-23,Torino FC,Benevento,1,1,1-1,2020,D
2021-08-21,Inter,Genoa CFC,4,0,4-0,2021,H
2021-08-21,Hellas Verona,Sassuolo Calcio,2,3,2-3,2021,A
2021-08-21,Empoli FC,Lazio Roma,1,3,1-3,2021,A
2021-08-21,Torino FC,Atalanta,1,2,1-2,2021,A
2021-08-22,Bologna FC,Salernitana Calcio 1919,3,2,3-2,2021,H
2021-08-22,Udinese Calcio,Juventus,2,2,2-2,2021,D
2021-08-22,SSC Napoli,AC Venezia,2,0,2-0,2021,H
2021-08-22,AS Roma,ACF Fiorentina,3,1,3-1,2021,H
2021-08-23,Cagliari Calcio,Spezia Calcio,2,2,2-2,2021,D
2021-08-23,Sampdoria,AC Milan,0,1,0-1,2021,A
2021-08-27,Udinese Calcio,AC Venezia,3,0,3-0,2021,H
2021-08-27,Hellas Verona,Inter,1,3,1-3,2021,A
2021-08-28,Atalanta,Bologna FC,0,0,0-0,2021,D
2021-08-28,Lazio Roma,Spezia Calcio,6,1,6-1,2021,H
2021-08-28,ACF Fiorentina,Torino FC,2,1,2-1,2021,H
2021-08-28,Juventus,Empoli FC,0,1,0-1,2021,A
2021-08-29,Genoa CFC,SSC Napoli,1,2,1-2,2021,A
2021-08-29,Sassuolo Calcio,Sampdoria,0,0,0-0,2021,D
2021-08-29,AC Milan,Cagliari Calcio,4,1,4-1,2021,H
2021-08-29,Salernitana Calcio 1919,AS Roma,0,4,0-4,2021,A
2021-09-11,Empoli FC,AC Venezia,1,2,1-2,2021,A
2021-09-11,SSC Napoli,Juventus,2,1,2-1,2021,H
2021-09-11,Atalanta,ACF Fiorentina,1,2,1-2,2021,A
2021-09-12,Sampdoria,Inter,2,2,2-2,2021,D
2021-09-12,Cagliari Calcio,Genoa CFC,2,3,2-3,2021,A
2021-09-12,Spezia Calcio,Udinese Calcio,0,1,0-1,2021,A
2021-09-12,Torino FC,Salernitana Calcio 1919,4,0,4-0,2021,H
2021-09-12,AC Milan,Lazio Roma,2,0,2-0,2021,H
2021-09-12,AS Roma,Sassuolo Calcio,2,1,2-1,2021,H
2021-09-13,Bologna FC,Hellas Verona,1,0,1-0,2021,H
2021-09-17,Sassuolo Calcio,Torino FC,0,1,0-1,2021,A
2021-09-18,Genoa CFC,ACF Fiorentina,1,2,1-2,2021,A
2021-09-18,Inter,Bologna FC,6,1,6-1,2021,H
2021-09-18,Salernitana Calcio 1919,Atalanta,0,1,0-1,2021,A
2021-09-19,Empoli FC,Sampdoria,0,3,0-3,2021,A
2021-09-19,AC Venezia,Spezia Calcio,1,2,1-2,2021,A
2021-09-19,Lazio Roma,Cagliari Calcio,2,2,2-2,2021,D
2021-09-19,Hellas Verona,AS Roma,3,2,3-2,2021,H
2021-09-19,Juventus,AC Milan,1,1,1-1,2021,D
2021-09-20,Udinese Calcio,SSC Napoli,0,4,0-4,2021,A
2021-09-21,Bologna FC,Genoa CFC,2,2,2-2,2021,D
2021-09-21,Atalanta,Sassuolo Calcio,2,1,2-1,2021,H
2021-09-21,ACF Fiorentina,Inter,1,3,1-3,2021,A
2021-09-22,Salernitana Calcio 1919,Hellas Verona,2,2,2-2,2021,D
2021-09-22,Spezia Calcio,Juventus,2,3,2-3,2021,A
2021-09-22,Cagliari Calcio,Empoli FC,0,2,0-2,2021,A
2021-09-22,AC Milan,AC Venezia,2,0,2-0,2021,H
2021-09-23,Sampdoria,SSC Napoli,0,4,0-4,2021,A
2021-09-23,Torino FC,Lazio Roma,1,1,1-1,2021,D
2021-09-23,AS Roma,Udinese Calcio,1,0,1-0,2021,H
2021-09-25,Spezia Calcio,AC Milan,1,2,1-2,2021,A
2021-09-25,Inter,Atalanta,2,2,2-2,2021,D
2021-09-25,Genoa CFC,Hellas Verona,3,3,3-3,2021,D
2021-09-26,Juventus,Sampdoria,3,2,3-2,2021,H
2021-09-26,Empoli FC,Bologna FC,4,2,4-2,2021,H
2021-09-26,Sassuolo Calcio,Salernitana Calcio 1919,1,0,1-0,2021,H
2021-09-26,Udinese Calcio,ACF Fiorentina,0,1,0-1,2021,A
2021-09-26,Lazio Roma,AS Roma,3,2,3-2,2021,H
2021-09-26,SSC Napoli,Cagliari Calcio,2,0,2-0,2021,H
2021-09-27,AC Venezia,Torino FC,1,1,1-1,2021,D
2021-10-01,Cagliari Calcio,AC Venezia,1,1,1-1,2021,D
2021-10-02,Salernitana Calcio 1919,Genoa CFC,1,0,1-0,2021,H
2021-10-02,Torino FC,Juventus,0,1,0-1,2021,A
2021-10-02,Sassuolo Calcio,Inter,1,2,1-2,2021,A
2021-10-03,Bologna FC,Lazio Roma,3,0,3-0,2021,H
2021-10-03,Sampdoria,Udinese Calcio,3,3,3-3,2021,D
2021-10-03,Hellas Verona,Spezia Calcio,4,0,4-0,2021,H
2021-10-03,ACF Fiorentina,SSC Napoli,1,2,1-2,2021,A
2021-10-03,AS Roma,Empoli FC,2,0,2-0,2021,H
2021-10-03,Atalanta,AC Milan,2,3,2-3,2021,A
2021-10-16,Spezia Calcio,Salernitana Calcio 1919,2,1,2-1,2021,H
2021-10-16,Lazio Roma,Inter,3,1,3-1,2021,H
2021-10-16,AC Milan,Hellas Verona,3,2,3-2,2021,H
2021-10-17,Cagliari Calcio,Sampdoria,3,1,3-1,2021,H
2021-10-17,Empoli FC,Atalanta,1,4,1-4,2021,A
2021-10-17,Genoa CFC,Sassuolo Calcio,2,2,2-2,2021,D
2021-10-17,Udinese Calcio,Bologna FC,1,1,1-1,2021,D
2021-10-17,SSC Napoli,Torino FC,1,0,1-0,2021,H
2021-10-17,Juventus,AS Roma,1,0,1-0,2021,H
2021-10-18,AC Venezia,ACF Fiorentina,1,0,1-0,2021,H
2021-10-22,Torino FC,Genoa CFC,3,2,3-2,2021,H
2021-10-22,Sampdoria,Spezia Calcio,2,1,2-1,2021,H
2021-10-23,Salernitana Calcio 1919,Empoli FC,2,4,2-4,2021,A
2021-10-23,Sassuolo Calcio,AC Venezia,3,1,3-1,2021,H
2021-10-23,Bologna FC,AC Milan,2,4,2-4,2021,A
2021-10-24,Atalanta,Udinese Calcio,1,1,1-1,2021,D
2021-10-24,ACF Fiorentina,Cagliari Calcio,3,0,3-0,2021,H
2021-10-24,Hellas Verona,Lazio Roma,4,1,4-1,2021,H
2021-10-24,AS Roma,SSC Napoli,0,0,0-0,2021,D
2021-10-24,Inter,Juventus,1,1,1-1,2021,D
2021-10-26,Spezia Calcio,Genoa CFC,1,1,1-1,2021,D
2021-10-26,AC Venezia,Salernitana Calcio 1919,1,2,1-2,2021,A
2021-10-26,AC Milan,Torino FC,1,0,1-0,2021,H
2021-10-27,Juventus,Sassuolo Calcio,1,2,1-2,2021,A
2021-10-27,Sampdoria,Atalanta,1,3,1-3,2021,A
2021-10-27,Udinese Calcio,Hellas Verona,1,1,1-1,2021,D
2021-10-27,Cagliari Calcio,AS Roma,1,2,1-2,2021,A
2021-10-27,Empoli FC,Inter,0,2,0-2,2021,A
2021-10-27,Lazio Roma,ACF Fiorentina,1,0,1-0,2021,H
2021-10-28,SSC Napoli,Bologna FC,3,0,3-0,2021,H
2021-10-30,Atalanta,Lazio Roma,2,2,2-2,2021,D
2021-10-30,Hellas Verona,Juventus,2,1,2-1,2021,H
2021-10-30,Torino FC,Sampdoria,3,0,3-0,2021,H
2021-10-31,Inter,Udinese Calcio,2,0,2-0,2021,H
2021-10-31,ACF Fiorentina,Spezia Calcio,3,0,3-0,2021,H
2021-10-31,Genoa CFC,AC Venezia,0,0,0-0,2021,D
2021-10-31,Sassuolo Calcio,Empoli FC,1,2,1-2,2021,A
2021-10-31,Salernitana Calcio 1919,SSC Napoli,0,1,0-1,2021,A
2021-10-31,AS Roma,AC Milan,1,2,1-2,2021,A
2021-11-01,Bologna FC,Cagliari Calcio,2,0,2-0,2021,H
2021-11-05,Empoli FC,Genoa CFC,2,2,2-2,2021,D
2021-11-06,Spezia Calcio,Torino FC,1,0,1-0,2021,H
2021-11-06,Juventus,ACF Fiorentina,1,0,1-0,2021,H
2021-11-06,Cagliari Calcio,Atalanta,1,2,1-2,2021,A
2021-11-07,AC Venezia,AS Roma,3,2,3-2,2021,H
2021-11-07,Sampdoria,Bologna FC,1,2,1-2,2021,A
2021-11-07,Udinese Calcio,Sassuolo Calcio,3,2,3-2,2021,H
2021-11-07,Lazio Roma,Salernitana Calcio 1919,3,0,3-0,2021,H
2021-11-07,SSC Napoli,Hellas Verona,1,1,1-1,2021,D
2021-11-07,AC Milan,Inter,1,1,1-1,2021,D
2021-11-20,Atalanta,Spezia Calcio,5,2,5-2,2021,H
2021-11-20,Lazio Roma,Juventus,0,2,0-2,2021,A
2021-11-20,ACF Fiorentina,AC Milan,4,3,4-3,2021,H
2021-11-21,Sassuolo Calcio,Cagliari Calcio,2,2,2-2,2021,D
2021-11-21,Bologna FC,AC Venezia,0,1,0-1,2021,A
2021-11-21,Salernitana Calcio 1919,Sampdoria,0,2,0-2,2021,A
2021-11-21,Inter,SSC Napoli,3,2,3-2,2021,H
2021-11-21,Genoa CFC,AS Roma,0,2,0-2,2021,A
2021-11-22,Hellas Verona,Empoli FC,2,1,2-1,2021,H
2021-11-22,Torino FC,Udinese Calcio,2,1,2-1,2021,H
2021-11-26,Cagliari Calcio,Salernitana Calcio 1919,1,1,1-1,2021,D
2021-11-27,Empoli FC,ACF Fiorentina,2,1,2-1,2021,H
2021-11-27,Sampdoria,Hellas Verona,3,1,3-1,2021,H
2021-11-27,Juventus,Atalanta,0,1,0-1,2021,A
2021-11-27,AC Venezia,Inter,0,2,0-2,2021,A
2021-11-28,Udinese Calcio,Genoa CFC,0,0,0-0,2021,D
2021-11-28,AC Milan,Sassuolo Calcio,1,3,1-3,2021,A
2021-11-28,Spezia Calcio,Bologna FC,0,1,0-1,2021,A
2021-11-28,AS Roma,Torino FC,1,0,1-0,2021,H
2021-11-28,SSC Napoli,Lazio Roma,4,0,4-0,2021,H
2021-11-30,Atalanta,AC Venezia,4,0,4-0,2021,H
2021-11-30,ACF Fiorentina,Sampdoria,3,1,3-1,2021,H
2021-11-30,Salernitana Calcio 1919,Juventus,0,2,0-2,2021,A
2021-11-30,Hellas Verona,Cagliari Calcio,0,0,0-0,2021,D
2021-12-01,Bologna FC,AS Roma,1,0,1-0,2021,H
2021-12-01,Inter,Spezia Calcio,2,0,2-0,2021,H
2021-12-01,Genoa CFC,AC Milan,0,3,0-3,2021,A
2021-12-01,Sassuolo Calcio,SSC Napoli,2,2,2-2,2021,D
2021-12-02,Torino FC,Empoli FC,2,2,2-2,2021,D
2021-12-02,Lazio Roma,Udinese Calcio,4,4,4-4,2021,D
2021-12-04,AC Milan,Salernitana Calcio 1919,2,0,2-0,2021,H
2021-12-04,AS Roma,Inter,0,3,0-3,2021,A
2021-12-04,SSC Napoli,Atalanta,2,3,2-3,2021,A
2021-12-05,Bologna FC,ACF Fiorentina,2,3,2-3,2021,A
2021-12-05,Spezia Calcio,Sassuolo Calcio,2,2,2-2,2021,D
2021-12-05,AC Venezia,Hellas Verona,3,4,3-4,2021,A
2021-12-05,Sampdoria,Lazio Roma,1,3,1-3,2021,A
2021-12-05,Juventus,Genoa CFC,2,0,2-0,2021,H
2021-12-06,Empoli FC,Udinese Calcio,3,1,3-1,2021,H
2021-12-06,Cagliari Calcio,Torino FC,1,1,1-1,2021,D
2021-12-10,Genoa CFC,Sampdoria,1,3,1-3,2021,A
2021-12-11,ACF Fiorentina,Salernitana Calcio 1919,4,0,4-0,2021,H
2021-12-11,AC Venezia,Juventus,1,1,1-1,2021,D
2021-12-11,Udinese Calcio,AC Milan,1,1,1-1,2021,D
2021-12-12,Torino FC,Bologna FC,2,1,2-1,2021,H
2021-12-12,Hellas Verona,Atalanta,1,2,1-2,2021,A
2021-12-12,SSC Napoli,Empoli FC,0,1,0-1,2021,A
2021-12-12,Sassuolo Calcio,Lazio Roma,2,1,2-1,2021,H
2021-12-12,Inter,Cagliari Calcio,4,0,4-0,2021,H
2021-12-13,AS Roma,Spezia Calcio,2,0,2-0,2021,H
2021-12-17,Lazio Roma,Genoa CFC,3,1,3-1,2021,H
2021-12-17,Salernitana Calcio 1919,Inter,0,5,0-5,2021,A
2021-12-18,Atalanta,AS Roma,1,4,1-4,2021,A
2021-12-18,Bologna FC,Juventus,0,2,0-2,2021,A
2021-12-18,Cagliari Calcio,Udinese Calcio,0,4,0-4,2021,A
2021-12-19,ACF Fiorentina,Sassuolo Calcio,2,2,2-2,2021,D
2021-12-19,Spezia Calcio,Empoli FC,1,1,1-1,2021,D
2021-12-19,Sampdoria,AC Venezia,1,1,1-1,2021,D
2021-12-19,Torino FC,Hellas Verona,1,0,1-0,2021,H
2021-12-19,AC Milan,SSC Napoli,0,1,0-1,2021,A
2021-12-21,Genoa CFC,Atalanta,0,0,0-0,2021,D
2021-12-21,Juventus,Cagliari Calcio,2,0,2-0,2021,H
2021-12-22,Sassuolo Calcio,Bologna FC,0,3,0-3,2021,A
2021-12-22,AC Venezia,Lazio Roma,1,3,1-3,2021,A
2021-12-22,Inter,Torino FC,1,0,1-0,2021,H
2021-12-22,AS Roma,Sampdoria,1,1,1-1,2021,D
2021-12-22,Hellas Verona,ACF Fiorentina,1,1,1-1,2021,D
2021-12-22,Empoli FC,AC Milan,2,4,2-4,2021,A
2021-12-22,SSC Napoli,Spezia Calcio,0,1,0-1,2021,A
2022-01-06,Sampdoria,Cagliari Calcio,1,2,1-2,2021,A
2022-01-06,Lazio Roma,Empoli FC,3,3,3-3,2021,D
2022-01-06,Spezia Calcio,Hellas Verona,1,2,1-2,2021,A
2022-01-06,Sassuolo Calcio,Genoa CFC,1,1,1-1,2021,D
2022-01-06,AC Milan,AS Roma,3,1,3-1,2021,H
2022-01-06,Juventus,SSC Napoli,1,1,1-1,2021,D
2022-01-09,Empoli FC,Sassuolo Calcio,1,5,1-5,2021,A
2022-01-09,AC Venezia,AC Milan,0,3,0-3,2021,A
2022-01-09,SSC Napoli,Sampdoria,1,0,1-0,2021,H
2022-01-09,Udinese Calcio,Atalanta,2,6,2-6,2021,A
2022-01-09,Genoa CFC,Spezia Calcio,0,1,0-1,2021,A
2022-01-09,AS Roma,Juventus,3,4,3-4,2021,A
2022-01-09,Inter,Lazio Roma,2,1,2-1,2021,H
2022-01-09,Hellas Verona,Salernitana Calcio 1919,1,2,1-2,2021,A
2022-01-10,Torino FC,ACF Fiorentina,4,0,4-0,2021,H
2022-01-11,Cagliari Calcio,Bologna FC,2,1,2-1,2021,H
2022-01-15,Sampdoria,Torino FC,1,2,1-2,2021,A
2022-01-15,Salernitana Calcio 1919,Lazio Roma,0,3,0-3,2021,A
2022-01-15,Juventus,Udinese Calcio,2,0,2-0,2021,H
2022-01-16,Sassuolo Calcio,Hellas Verona,2,4,2-4,2021,A
2022-01-16,AC Venezia,Empoli FC,1,1,1-1,2021,D
2022-01-16,AS Roma,Cagliari Calcio,1,0,1-0,2021,H
2022-01-16,Atalanta,Inter,0,0,0-0,2021,D
2022-01-17,Bologna FC,SSC Napoli,0,2,0-2,2021,A
2022-01-17,AC Milan,Spezia Calcio,1,2,1-2,2021,A
2022-01-17,ACF Fiorentina,Genoa CFC,6,0,6-0,2021,H
2022-01-21,Hellas Verona,Bologna FC,2,1,2-1,2021,H
2022-01-22,Genoa CFC,Udinese Calcio,0,0,0-0,2021,D
2022-01-22,Inter,AC Venezia,2,1,2-1,2021,H
2022-01-22,Lazio Roma,Atalanta,0,0,0-0,2021,D
2022-01-23,Cagliari Calcio,ACF Fiorentina,1,1,1-1,2021,D
2022-01-23,SSC Napoli,Salernitana Calcio 1919,4,1,4-1,2021,H
2022-01-23,Spezia Calcio,Sampdoria,1,0,1-0,2021,H
2022-01-23,Torino FC,Sassuolo Calcio,1,1,1-1,2021,D
2022-01-23,Empoli FC,AS Roma,2,4,2-4,2021,A
2022-01-23,AC Milan,Juventus,0,0,0-0,2021,D
2022-02-05,AS Roma,Genoa CFC,0,0,0-0,2021,D
2022-02-05,Inter,AC Milan,1,2,1-2,2021,A
2022-02-05,ACF Fiorentina,Lazio Roma,0,3,0-3,2021,A
2022-02-06,Atalanta,Cagliari Calcio,1,2,1-2,2021,A
2022-02-06,Bologna FC,Empoli FC,0,0,0-0,2021,D
2022-02-06,Sampdoria,Sassuolo Calcio,4,0,4-0,2021,H
2022-02-06,AC Venezia,SSC Napoli,0,2,0-2,2021,A
2022-02-06,Udinese Calcio,Torino FC,2,0,2-0,2021,H
2022-02-06,Juventus,Hellas Verona,2,0,2-0,2021,H
2022-02-07,Salernitana Calcio 1919,Spezia Calcio,2,2,2-2,2021,D
2022-02-12,Lazio Roma,Bologna FC,3,0,3-0,2021,H
2022-02-12,SSC Napoli,Inter,1,1,1-1,2021,D
2022-02-12,Torino FC,AC Venezia,1,2,1-2,2021,A
2022-02-13,AC Milan,Sampdoria,1,0,1-0,2021,H
2022-02-13,Empoli FC,Cagliari Calcio,1,1,1-1,2021,D
2022-02-13,Genoa CFC,Salernitana Calcio 1919,1,1,1-1,2021,D
2022-02-13,Hellas Verona,Udinese Calcio,4,0,4-0,2021,H
2022-02-13,Sassuolo Calcio,AS Roma,2,2,2-2,2021,D
2022-02-13,Atalanta,Juventus,1,1,1-1,2021,D
2022-02-14,Spezia Calcio,ACF Fiorentina,1,2,1-2,2021,A
2022-02-18,Juventus,Torino FC,1,1,1-1,2021,D
2022-02-19,Sampdoria,Empoli FC,2,0,2-0,2021,H
2022-02-19,AS Roma,Hellas Verona,2,2,2-2,2021,D
2022-02-19,Salernitana Calcio 1919,AC Milan,2,2,2-2,2021,D
2022-02-20,ACF Fiorentina,Atalanta,1,0,1-0,2021,H
2022-02-20,AC Venezia,Genoa CFC,1,1,1-1,2021,D
2022-02-20,Inter,Sassuolo Calcio,0,2,0-2,2021,A
2022-02-20,Udinese Calcio,Lazio Roma,1,1,1-1,2021,D
2022-02-21,Cagliari Calcio,SSC Napoli,1,1,1-1,2021,D
2022-02-21,Bologna FC,Spezia Calcio,2,1,2-1,2021,H
2022-02-25,AC Milan,Udinese Calcio,1,1,1-1,2021,D
2022-02-25,Genoa CFC,Inter,0,0,0-0,2021,D
2022-02-26,Salernitana Calcio 1919,Bologna FC,1,1,1-1,2021,D
2022-02-26,Empoli FC,Juventus,2,3,2-3,2021,A
2022-02-26,Sassuolo Calcio,ACF Fiorentina,2,1,2-1,2021,H
2022-02-27,Torino FC,Cagliari Calcio,1,2,1-2,2021,A
2022-02-27,Hellas Verona,AC Venezia,3,1,3-1,2021,H
2022-02-27,Spezia Calcio,AS Roma,0,1,0-1,2021,A
2022-02-27,Lazio Roma,SSC Napoli,1,2,1-2,2021,A
2022-02-28,Atalanta,Sampdoria,4,0,4-0,2021,H
2022-03-04,Inter,Salernitana Calcio 1919,5,0,5-0,2021,H
2022-03-05,Udinese Calcio,Sampdoria,2,1,2-1,2021,H
2022-03-05,AS Roma,Atalanta,1,0,1-0,2021,H
2022-03-05,Cagliari Calcio,Lazio Roma,0,3,0-3,2021,A
2022-03-06,Genoa CFC,Empoli FC,0,0,0-0,2021,D
2022-03-06,Bologna FC,Torino FC,0,0,0-0,2021,D
2022-03-06,ACF Fiorentina,Hellas Verona,1,1,1-1,2021,D
2022-03-06,AC Venezia,Sassuolo Calcio,1,4,1-4,2021,A
2022-03-06,Juventus,Spezia Calcio,1,0,1-0,2021,H
2022-03-06,SSC Napoli,AC Milan,0,1,0-1,2021,A
2022-03-12,Salernitana Calcio 1919,Sassuolo Calcio,2,2,2-2,2021,D
2022-03-12,Spezia Calcio,Cagliari Calcio,2,0,2-0,2021,H
2022-03-12,Sampdoria,Juventus,1,3,1-3,2021,A
2022-03-12,AC Milan,Empoli FC,1,0,1-0,2021,H
2022-03-13,ACF Fiorentina,Bologna FC,1,0,1-0,2021,H
2022-03-13,Hellas Verona,SSC Napoli,1,2,1-2,2021,A
2022-03-13,Atalanta,Genoa CFC,0,0,0-0,2021,D
2022-03-13,Udinese Calcio,AS Roma,1,1,1-1,2021,D
2022-03-13,Torino FC,Inter,1,1,1-1,2021,D
2022-03-14,Lazio Roma,AC Venezia,1,0,1-0,2021,H
2022-03-18,Sassuolo Calcio,Spezia Calcio,4,1,4-1,2021,H
2022-03-18,Genoa CFC,Torino FC,1,0,1-0,2021,H
2022-03-19,SSC Napoli,Udinese Calcio,2,1,2-1,2021,H
2022-03-19,Inter,ACF Fiorentina,1,1,1-1,2021,D
2022-03-19,Cagliari Calcio,AC Milan,0,1,0-1,2021,A
2022-03-20,AC Venezia,Sampdoria,0,2,0-2,2021,A
2022-03-20,Empoli FC,Hellas Verona,1,1,1-1,2021,D
2022-03-20,Juventus,Salernitana Calcio 1919,2,0,2-0,2021,H
2022-03-20,AS Roma,Lazio Roma,3,0,3-0,2021,H
2022-03-20,Bologna FC,Atalanta,0,1,0-1,2021,A
2022-04-02,Spezia Calcio,AC Venezia,1,0,1-0,2021,H
2022-04-02,Lazio Roma,Sassuolo Calcio,2,1,2-1,2021,H
2022-04-02,Salernitana Calcio 1919,Torino FC,0,1,0-1,2021,A
2022-04-03,ACF Fiorentina,Empoli FC,1,0,1-0,2021,H
2022-04-03,Atalanta,SSC Napoli,1,3,1-3,2021,A
2022-04-03,Udinese Calcio,Cagliari Calcio,5,1,5-1,2021,H
2022-04-03,Sampdoria,AS Roma,0,1,0-1,2021,A
2022-04-03,Juventus,Inter,0,1,0-1,2021,A
2022-04-04,Hellas Verona,Genoa CFC,1,0,1-0,2021,H
2022-04-04,AC Milan,Bologna FC,0,0,0-0,2021,D
2022-04-09,Empoli FC,Spezia Calcio,0,0,0-0,2021,D
2022-04-09,Inter,Hellas Verona,2,0,2-0,2021,H
2022-04-09,Cagliari Calcio,Juventus,1,2,1-2,2021,A
2022-04-10,Genoa CFC,Lazio Roma,1,4,1-4,2021,A
2022-04-10,SSC Napoli,ACF Fiorentina,2,3,2-3,2021,A
2022-04-10,Sassuolo Calcio,Atalanta,2,1,2-1,2021,H
2022-04-10,AC Venezia,Udinese Calcio,1,2,1-2,2021,A
2022-04-10,AS Roma,Salernitana Calcio 1919,2,1,2-1,2021,H
2022-04-10,Torino FC,AC Milan,0,0,0-0,2021,D
2022-04-11,Bologna FC,Sampdoria,2,0,2-0,2021,H
2022-04-15,Spezia Calcio,Inter,1,3,1-3,2021,A
2022-04-15,AC Milan,Genoa CFC,2,0,2-0,2021,H
2022-04-16,Cagliari Calcio,Sassuolo Calcio,1,0,1-0,2021,H
2022-04-16,Sampdoria,Salernitana Calcio 1919,1,2,1-2,2021,A
2022-04-16,Udinese Calcio,Empoli FC,4,1,4-1,2021,H
2022-04-16,ACF Fiorentina,AC Venezia,1,0,1-0,2021,H
2022-04-16,Juventus,Bologna FC,1,1,1-1,2021,D
2022-04-16,Lazio Roma,Torino FC,1,1,1-1,2021,D
2022-04-18,SSC Napoli,AS Roma,1,1,1-1,2021,D
2022-04-18,Atalanta,Hellas Verona,1,2,1-2,2021,A
2022-04-20,Udinese Calcio,Salernitana Calcio 1919,0,1,0-1,2021,A
2022-04-23,Torino FC,Spezia Calcio,2,1,2-1,2021,H
2022-04-23,AC Venezia,Atalanta,1,3,1-3,2021,A
2022-04-23,Inter,AS Roma,3,1,3-1,2021,H
2022-04-23,Hellas Verona,Sampdoria,1,1,1-1,2021,D
2022-04-24,Salernitana Calcio 1919,ACF Fiorentina,2,1,2-1,2021,H
2022-04-24,Bologna FC,Udinese Calcio,2,2,2-2,2021,D
2022-04-24,Empoli FC,SSC Napoli,3,2,3-2,2021,H
2022-04-24,Genoa CFC,Cagliari Calcio,1,0,1-0,2021,H
2022-04-24,Lazio Roma,AC Milan,1,2,1-2,2021,A
2022-04-25,Sassuolo Calcio,Juventus,1,2,1-2,2021,A
2022-04-27,ACF Fiorentina,Udinese Calcio,0,4,0-4,2021,A
2022-04-27,Atalanta,Torino FC,4,4,4-4,2021,D
2022-04-27,Bologna FC,Inter,2,1,2-1,2021,H
2022-04-30,Cagliari Calcio,Hellas Verona,1,2,1-2,2021,A
2022-04-30,SSC Napoli,Sassuolo Calcio,6,1,6-1,2021,H
2022-04-30,Sampdoria,Genoa CFC,1,0,1-0,2021,H
2022-04-30,Spezia Calcio,Lazio Roma,3,4,3-4,2021,A
2022-05-01,Juventus,AC Venezia,2,1,2-1,2021,H
2022-05-01,Empoli FC,Torino FC,1,3,1-3,2021,A
2022-05-01,AC Milan,ACF Fiorentina,1,0,1-0,2021,H
2022-05-01,Udinese Calcio,Inter,1,2,1-2,2021,A
2022-05-01,AS Roma,Bologna FC,0,0,0-0,2021,D
2022-05-02,Atalanta,Salernitana Calcio 1919,1,1,1-1,2021,D
2022-05-05,Salernitana Calcio 1919,AC Venezia,2,1,2-1,2021,H
2022-05-06,Inter,Empoli FC,4,2,4-2,2021,H
2022-05-06,Genoa CFC,Juventus,2,1,2-1,2021,H
2022-05-07,Torino FC,SSC Napoli,0,1,0-1,2021,A
2022-05-07,Sassuolo Calcio,Udinese Calcio,1,1,1-1,2021,D
2022-05-07,Lazio Roma,Sampdoria,2,0,2-0,2021,H
2022-05-08,Spezia Calcio,Atalanta,1,3,1-3,2021,A
2022-05-08,AC Venezia,Bologna FC,4,3,4-3,2021,H
2022-05-08,Salernitana Calcio 1919,Cagliari Calcio,1,1,1-1,2021,D
2022-05-08,Hellas Verona,AC Milan,1,3,1-3,2021,A
2022-05-09,ACF Fiorentina,AS Roma,2,0,2-0,2021,H
2022-05-14,Empoli FC,Salernitana Calcio 1919,1,1,1-1,2021,D
2022-05-14,Udinese Calcio,Spezia Calcio,2,3,2-3,2021,A
2022-05-14,Hellas Verona,Torino FC,0,1,0-1,2021,A
2022-05-14,AS Roma,AC Venezia,1,1,1-1,2021,D
2022-05-15,Bologna FC,Sassuolo Calcio,1,3,1-3,2021,A
2022-05-15,SSC Napoli,Genoa CFC,3,0,3-0,2021,H
2022-05-15,AC Milan,Atalanta,2,0,2-0,2021,H
2022-05-15,Cagliari Calcio,Inter,1,3,1-3,2021,A
2022-05-16,Sampdoria,ACF Fiorentina,4,1,4-1,2021,H
2022-05-16,Juventus,Lazio Roma,2,2,2-2,2021,D
2022-05-20,Torino FC,AS Roma,0,3,0-3,2021,A
2022-05-21,Genoa CFC,Bologna FC,0,1,0-1,2021,A
2022-05-21,Atalanta,Empoli FC,0,1,0-1,2021,A
2022-05-21,ACF Fiorentina,Juventus,2,0,2-0,2021,H
2022-05-21,Lazio Roma,Hellas Verona,3,3,3-3,2021,D
2022-05-22,Spezia Calcio,SSC Napoli,0,3,0-3,2021,A
2022-05-22,Inter,Sampdoria,3,0,3-0,2021,H
2022-05-22,Sassuolo Calcio,AC Milan,0,3,0-3,2021,A
2022-05-22,Salernitana Calcio 1919,Udinese Calcio,0,4,0-4,2021,A
2022-05-22,AC Venezia,Cagliari Calcio,0,0,0-0,2021,D
