date,home,visitor,hgoal,vgoal,FT,Season,result
2019-08-16,Athletic Bilbao,FC Barcelona,1,0,1-0,2019,H
2019-08-17,Celta Vigo,Real Madrid,1,3,1-3,2019,A
2019-08-17,Valencia CF,Real Sociedad,1,1,1-1,2019,D
2019-08-17,RCD Mallorca,SD Eibar,2,1,2-1,2019,H
2019-08-17,CD Leganes,CA Osasuna,0,1,0-1,2019,A
2019-08-17,Villarreal CF,Granada CF,4,4,4-4,2019,D
2019-08-18,CD Alaves,Levante UD,1,0,1-0,2019,H
2019-08-18,Espanyol Barcelona,Sevilla FC,0,2,0-2,2019,A
2019-08-18,Real Betis,Real Valladolid,1,2,1-2,2019,A
2019-08-18,Atletico Madrid,Getafe CF,1,0,1-0,2019,H
2019-08-23,Granada CF,Sevilla FC,0,1,0-1,2019,A
2019-08-23,Levante UD,Villarreal CF,2,1,2-1,2019,H
2019-08-24,CA Osasuna,SD Eibar,0,0,0-0,2019,D
2019-08-24,Real Madrid,Real Valladolid,1,1,1-1,2019,D
2019-08-24,Celta Vigo,Valencia CF,1,0,1-0,2019,H
2019-08-24,Getafe CF,Athletic Bilbao,1,1,1-1,2019,D
2019-08-25,CD Alaves,Espanyol Barcelona,0,0,0-0,2019,D
2019-08-25,RCD Mallorca,Real Sociedad,0,1,0-1,2019,A
2019-08-25,CD Leganes,Atletico Madrid,0,1,0-1,2019,A
2019-08-25,FC Barcelona,Real Betis,5,2,5-2,2019,H
2019-08-30,Sevilla FC,Celta Vigo,1,1,1-1,2019,D
2019-08-30,Athletic Bilbao,Real Sociedad,2,0,2-0,2019,H
2019-08-31,CA Osasuna,FC Barcelona,2,2,2-2,2019,D
2019-08-31,Getafe CF,CD Alaves,1,1,1-1,2019,D
2019-08-31,Levante UD,Real Valladolid,2,0,2-0,2019,H
2019-08-31,Real Betis,CD Leganes,2,1,2-1,2019,H
2019-09-01,Valencia CF,RCD Mallorca,2,0,2-0,2019,H
2019-09-01,Atletico Madrid,SD Eibar,3,2,3-2,2019,H
2019-09-01,Espanyol Barcelona,Granada CF,0,3,0-3,2019,A
2019-09-01,Villarreal CF,Real Madrid,2,2,2-2,2019,D
2019-09-13,RCD Mallorca,Athletic Bilbao,0,0,0-0,2019,D
2019-09-14,Real Madrid,Levante UD,3,2,3-2,2019,H
2019-09-14,CD Leganes,Villarreal CF,0,3,0-3,2019,A
2019-09-14,Real Sociedad,Atletico Madrid,2,0,2-0,2019,H
2019-09-14,FC Barcelona,Valencia CF,5,2,5-2,2019,H
2019-09-15,SD Eibar,Espanyol Barcelona,1,2,1-2,2019,A
2019-09-15,CD Alaves,Sevilla FC,0,1,0-1,2019,A
2019-09-15,Celta Vigo,Granada CF,0,2,0-2,2019,A
2019-09-15,Real Valladolid,CA Osasuna,1,1,1-1,2019,D
2019-09-15,Real Betis,Getafe CF,1,1,1-1,2019,D
2019-09-20,CA Osasuna,Real Betis,0,0,0-0,2019,D
2019-09-21,Villarreal CF,Real Valladolid,2,0,2-0,2019,H
2019-09-21,Levante UD,SD Eibar,0,0,0-0,2019,D
2019-09-21,Atletico Madrid,Celta Vigo,0,0,0-0,2019,D
2019-09-21,Granada CF,FC Barcelona,2,0,2-0,2019,H
2019-09-22,Getafe CF,RCD Mallorca,4,2,4-2,2019,H
2019-09-22,Espanyol Barcelona,Real Sociedad,1,3,1-3,2019,A
2019-09-22,Valencia CF,CD Leganes,1,1,1-1,2019,D
2019-09-22,Athletic Bilbao,CD Alaves,2,0,2-0,2019,H
2019-09-22,Sevilla FC,Real Madrid,0,1,0-1,2019,A
2019-09-24,Real Valladolid,Granada CF,1,1,1-1,2019,D
2019-09-24,Real Betis,Levante UD,3,1,3-1,2019,H
2019-09-24,FC Barcelona,Villarreal CF,2,1,2-1,2019,H
2019-09-25,CD Leganes,Athletic Bilbao,1,1,1-1,2019,D
2019-09-25,RCD Mallorca,Atletico Madrid,0,2,0-2,2019,A
2019-09-25,Valencia CF,Getafe CF,3,3,3-3,2019,D
2019-09-25,Real Madrid,CA Osasuna,2,0,2-0,2019,H
2019-09-26,SD Eibar,Sevilla FC,3,2,3-2,2019,H
2019-09-26,Celta Vigo,Espanyol Barcelona,1,1,1-1,2019,D
2019-09-26,Real Sociedad,CD Alaves,3,0,3-0,2019,H
2019-09-27,Villarreal CF,Real Betis,5,1,5-1,2019,H
2019-09-28,Athletic Bilbao,Valencia CF,0,1,0-1,2019,A
2019-09-28,Getafe CF,FC Barcelona,0,2,0-2,2019,A
2019-09-28,Granada CF,CD Leganes,1,0,1-0,2019,H
2019-09-28,Atletico Madrid,Real Madrid,0,0,0-0,2019,D
2019-09-29,Espanyol Barcelona,Real Valladolid,0,2,0-2,2019,A
2019-09-29,SD Eibar,Celta Vigo,2,0,2-0,2019,H
2019-09-29,CD Alaves,RCD Mallorca,2,0,2-0,2019,H
2019-09-29,Levante UD,CA Osasuna,1,1,1-1,2019,D
2019-09-29,Sevilla FC,Real Sociedad,3,2,3-2,2019,H
2019-10-04,Real Betis,SD Eibar,1,1,1-1,2019,D
2019-10-05,CD Leganes,Levante UD,1,2,1-2,2019,A
2019-10-05,Real Madrid,Granada CF,4,2,4-2,2019,H
2019-10-05,Valencia CF,CD Alaves,2,1,2-1,2019,H
2019-10-05,CA Osasuna,Villarreal CF,2,1,2-1,2019,H
2019-10-06,RCD Mallorca,Espanyol Barcelona,2,0,2-0,2019,H
2019-10-06,Celta Vigo,Athletic Bilbao,1,0,1-0,2019,H
2019-10-06,Real Valladolid,Atletico Madrid,0,0,0-0,2019,D
2019-10-06,Real Sociedad,Getafe CF,1,2,1-2,2019,A
2019-10-06,FC Barcelona,Sevilla FC,4,0,4-0,2019,H
2019-10-18,Granada CF,CA Osasuna,1,0,1-0,2019,H
2019-10-19,SD Eibar,FC Barcelona,0,3,0-3,2019,A
2019-10-19,Atletico Madrid,Valencia CF,1,1,1-1,2019,D
2019-10-19,Getafe CF,CD Leganes,2,0,2-0,2019,H
2019-10-19,RCD Mallorca,Real Madrid,1,0,1-0,2019,H
2019-10-20,CD Alaves,Celta Vigo,2,0,2-0,2019,H
2019-10-20,Real Sociedad,Real Betis,3,1,3-1,2019,H
2019-10-20,Espanyol Barcelona,Villarreal CF,0,1,0-1,2019,A
2019-10-20,Athletic Bilbao,Real Valladolid,1,1,1-1,2019,D
2019-10-20,Sevilla FC,Levante UD,1,0,1-0,2019,H
2019-10-25,Villarreal CF,CD Alaves,4,1,4-1,2019,H
2019-10-26,CD Leganes,RCD Mallorca,1,0,1-0,2019,H
2019-10-26,Real Valladolid,SD Eibar,2,0,2-0,2019,H
2019-10-26,Atletico Madrid,Athletic Bilbao,2,0,2-0,2019,H
2019-10-27,Celta Vigo,Real Sociedad,0,1,0-1,2019,A
2019-10-27,Granada CF,Real Betis,1,0,1-0,2019,H
2019-10-27,Levante UD,Espanyol Barcelona,0,1,0-1,2019,A
2019-10-27,Sevilla FC,Getafe CF,2,0,2-0,2019,H
2019-10-27,CA Osasuna,Valencia CF,3,1,3-1,2019,H
2019-10-29,CD Alaves,Atletico Madrid,1,1,1-1,2019,D
2019-10-29,FC Barcelona,Real Valladolid,5,1,5-1,2019,H
2019-10-30,Real Sociedad,Levante UD,1,2,1-2,2019,A
2019-10-30,Valencia CF,Sevilla FC,1,1,1-1,2019,D
2019-10-30,Athletic Bilbao,Espanyol Barcelona,3,0,3-0,2019,H
2019-10-30,Real Betis,Celta Vigo,2,1,2-1,2019,H
2019-10-30,Real Madrid,CD Leganes,5,0,5-0,2019,H
2019-10-31,SD Eibar,Villarreal CF,2,1,2-1,2019,H
2019-10-31,RCD Mallorca,CA Osasuna,2,2,2-2,2019,D
2019-10-31,Getafe CF,Granada CF,3,1,3-1,2019,H
2019-11-02,Espanyol Barcelona,Valencia CF,1,2,1-2,2019,A
2019-11-02,Levante UD,FC Barcelona,3,1,3-1,2019,H
2019-11-02,Sevilla FC,Atletico Madrid,1,1,1-1,2019,D
2019-11-02,Real Madrid,Real Betis,0,0,0-0,2019,D
2019-11-03,Real Valladolid,RCD Mallorca,3,0,3-0,2019,H
2019-11-03,Villarreal CF,Athletic Bilbao,0,0,0-0,2019,D
2019-11-03,CA Osasuna,CD Alaves,4,2,4-2,2019,H
2019-11-03,Celta Vigo,Getafe CF,0,1,0-1,2019,A
2019-11-03,CD Leganes,SD Eibar,1,2,1-2,2019,A
2019-11-03,Granada CF,Real Sociedad,1,2,1-2,2019,A
2019-11-08,Real Sociedad,CD Leganes,1,1,1-1,2019,D
2019-11-09,CD Alaves,Real Valladolid,3,0,3-0,2019,H
2019-11-09,Valencia CF,Granada CF,2,0,2-0,2019,H
2019-11-09,SD Eibar,Real Madrid,0,4,0-4,2019,A
2019-11-09,FC Barcelona,Celta Vigo,4,1,4-1,2019,H
2019-11-10,RCD Mallorca,Villarreal CF,3,1,3-1,2019,H
2019-11-10,Athletic Bilbao,Levante UD,2,1,2-1,2019,H
2019-11-10,Atletico Madrid,Espanyol Barcelona,3,1,3-1,2019,H
2019-11-10,Getafe CF,CA Osasuna,0,0,0-0,2019,D
2019-11-10,Real Betis,Sevilla FC,1,2,1-2,2019,A
2019-11-22,Levante UD,RCD Mallorca,2,1,2-1,2019,H
2019-11-23,CD Leganes,FC Barcelona,1,2,1-2,2019,A
2019-11-23,Real Betis,Valencia CF,2,1,2-1,2019,H
2019-11-23,Granada CF,Atletico Madrid,1,1,1-1,2019,D
2019-11-23,Real Madrid,Real Sociedad,3,1,3-1,2019,H
2019-11-24,Espanyol Barcelona,Getafe CF,1,1,1-1,2019,D
2019-11-24,CA Osasuna,Athletic Bilbao,1,2,1-2,2019,A
2019-11-24,SD Eibar,CD Alaves,0,2,0-2,2019,A
2019-11-24,Villarreal CF,Celta Vigo,1,3,1-3,2019,A
2019-11-24,Real Valladolid,Sevilla FC,0,1,0-1,2019,A
2019-11-29,Celta Vigo,Real Valladolid,0,0,0-0,2019,D
2019-11-30,CD Alaves,Real Madrid,1,2,1-2,2019,A
2019-11-30,Real Sociedad,SD Eibar,4,1,4-1,2019,H
2019-11-30,RCD Mallorca,Real Betis,1,2,1-2,2019,A
2019-11-30,Valencia CF,Villarreal CF,2,1,2-1,2019,H
2019-12-01,Sevilla FC,CD Leganes,1,0,1-0,2019,H
2019-12-01,Athletic Bilbao,Granada CF,2,0,2-0,2019,H
2019-12-01,Espanyol Barcelona,CA Osasuna,2,4,2-4,2019,A
2019-12-01,Getafe CF,Levante UD,4,0,4-0,2019,H
2019-12-01,Atletico Madrid,FC Barcelona,0,1,0-1,2019,A
2019-12-06,Villarreal CF,Atletico Madrid,0,0,0-0,2019,D
2019-12-07,Real Madrid,Espanyol Barcelona,2,0,2-0,2019,H
2019-12-07,Granada CF,CD Alaves,3,0,3-0,2019,H
2019-12-07,Levante UD,Valencia CF,2,4,2-4,2019,A
2019-12-07,FC Barcelona,RCD Mallorca,5,2,5-2,2019,H
2019-12-08,SD Eibar,Getafe CF,0,1,0-1,2019,A
2019-12-08,Real Betis,Athletic Bilbao,3,2,3-2,2019,H
2019-12-08,Real Valladolid,Real Sociedad,0,0,0-0,2019,D
2019-12-08,CD Leganes,Celta Vigo,3,2,3-2,2019,H
2019-12-08,CA Osasuna,Sevilla FC,1,1,1-1,2019,D
2019-12-13,CD Alaves,CD Leganes,1,1,1-1,2019,D
2019-12-14,Granada CF,Levante UD,1,2,1-2,2019,A
2019-12-14,Real Sociedad,FC Barcelona,2,2,2-2,2019,D
2019-12-14,Athletic Bilbao,SD Eibar,0,0,0-0,2019,D
2019-12-14,Atletico Madrid,CA Osasuna,2,0,2-0,2019,H
2019-12-15,Getafe CF,Real Valladolid,2,0,2-0,2019,H
2019-12-15,Celta Vigo,RCD Mallorca,2,2,2-2,2019,D
2019-12-15,Espanyol Barcelona,Real Betis,2,2,2-2,2019,D
2019-12-15,Sevilla FC,Villarreal CF,1,2,1-2,2019,A
2019-12-15,Valencia CF,Real Madrid,1,1,1-1,2019,D
2019-12-18,FC Barcelona,Real Madrid,0,0,0-0,2019,D
2019-12-20,SD Eibar,Granada CF,3,0,3-0,2019,H
2019-12-21,RCD Mallorca,Sevilla FC,0,2,0-2,2019,A
2019-12-21,FC Barcelona,CD Alaves,4,1,4-1,2019,H
2019-12-21,Villarreal CF,Getafe CF,1,0,1-0,2019,H
2019-12-21,Real Valladolid,Valencia CF,1,1,1-1,2019,D
2019-12-22,CD Leganes,Espanyol Barcelona,2,0,2-0,2019,H
2019-12-22,CA Osasuna,Real Sociedad,3,4,3-4,2019,A
2019-12-22,Real Betis,Atletico Madrid,1,2,1-2,2019,A
2019-12-22,Levante UD,Celta Vigo,3,1,3-1,2019,H
2019-12-22,Real Madrid,Athletic Bilbao,0,0,0-0,2019,D
2020-01-03,Real Valladolid,CD Leganes,2,2,2-2,2019,D
2020-01-03,Sevilla FC,Athletic Bilbao,1,1,1-1,2019,D
2020-01-04,Valencia CF,SD Eibar,1,0,1-0,2019,H
2020-01-04,Getafe CF,Real Madrid,0,3,0-3,2019,A
2020-01-04,Atletico Madrid,Levante UD,2,1,2-1,2019,H
2020-01-04,Espanyol Barcelona,FC Barcelona,2,2,2-2,2019,D
2020-01-05,Granada CF,RCD Mallorca,1,0,1-0,2019,H
2020-01-05,Real Sociedad,Villarreal CF,1,2,1-2,2019,A
2020-01-05,CD Alaves,Real Betis,1,1,1-1,2019,D
2020-01-05,Celta Vigo,CA Osasuna,1,1,1-1,2019,D
2020-01-17,CD Leganes,Getafe CF,0,3,0-3,2019,A
2020-01-18,Levante UD,CD Alaves,0,1,0-1,2019,A
2020-01-18,Real Madrid,Sevilla FC,2,1,2-1,2019,H
2020-01-18,CA Osasuna,Real Valladolid,0,0,0-0,2019,D
2020-01-18,SD Eibar,Atletico Madrid,2,0,2-0,2019,H
2020-01-19,RCD Mallorca,Valencia CF,4,1,4-1,2019,H
2020-01-19,Real Betis,Real Sociedad,3,0,3-0,2019,H
2020-01-19,Villarreal CF,Espanyol Barcelona,1,2,1-2,2019,A
2020-01-19,Athletic Bilbao,Celta Vigo,1,1,1-1,2019,D
2020-01-19,FC Barcelona,Granada CF,1,0,1-0,2019,H
2020-01-24,CA Osasuna,Levante UD,2,0,2-0,2019,H
2020-01-25,Espanyol Barcelona,Athletic Bilbao,1,1,1-1,2019,D
2020-01-25,Valencia CF,FC Barcelona,2,0,2-0,2019,H
2020-01-25,CD Alaves,Villarreal CF,1,2,1-2,2019,A
2020-01-25,Sevilla FC,Granada CF,2,0,2-0,2019,H
2020-01-26,Atletico Madrid,CD Leganes,0,0,0-0,2019,D
2020-01-26,Celta Vigo,SD Eibar,0,0,0-0,2019,D
2020-01-26,Getafe CF,Real Betis,1,0,1-0,2019,H
2020-01-26,Real Sociedad,RCD Mallorca,3,0,3-0,2019,H
2020-01-26,Real Valladolid,Real Madrid,0,1,0-1,2019,A
2020-02-01,Granada CF,Espanyol Barcelona,2,1,2-1,2019,H
2020-02-01,Real Madrid,Atletico Madrid,1,0,1-0,2019,H
2020-02-01,RCD Mallorca,Real Valladolid,0,1,0-1,2019,A
2020-02-01,Valencia CF,Celta Vigo,1,0,1-0,2019,H
2020-02-02,CD Leganes,Real Sociedad,2,1,2-1,2019,H
2020-02-02,SD Eibar,Real Betis,1,1,1-1,2019,D
2020-02-02,Athletic Bilbao,Getafe CF,0,2,0-2,2019,A
2020-02-02,Sevilla FC,CD Alaves,1,1,1-1,2019,D
2020-02-02,Villarreal CF,CA Osasuna,3,1,3-1,2019,H
2020-02-02,FC Barcelona,Levante UD,2,1,2-1,2019,H
2020-02-07,CD Alaves,SD Eibar,2,1,2-1,2019,H
2020-02-08,Levante UD,CD Leganes,2,0,2-0,2019,H
2020-02-08,Getafe CF,Valencia CF,3,0,3-0,2019,H
2020-02-08,Real Valladolid,Villarreal CF,1,1,1-1,2019,D
2020-02-08,Atletico Madrid,Granada CF,1,0,1-0,2019,H
2020-02-09,Espanyol Barcelona,RCD Mallorca,1,0,1-0,2019,H
2020-02-09,Real Sociedad,Athletic Bilbao,2,1,2-1,2019,H
2020-02-09,CA Osasuna,Real Madrid,1,4,1-4,2019,A
2020-02-09,Celta Vigo,Sevilla FC,2,1,2-1,2019,H
2020-02-09,Real Betis,FC Barcelona,2,3,2-3,2019,A
2020-02-14,Valencia CF,Atletico Madrid,2,2,2-2,2019,D
2020-02-15,RCD Mallorca,CD Alaves,1,0,1-0,2019,H
2020-02-15,FC Barcelona,Getafe CF,2,1,2-1,2019,H
2020-02-15,Villarreal CF,Levante UD,2,1,2-1,2019,H
2020-02-15,Granada CF,Real Valladolid,2,1,2-1,2019,H
2020-02-16,Sevilla FC,Espanyol Barcelona,2,2,2-2,2019,D
2020-02-16,CD Leganes,Real Betis,0,0,0-0,2019,D
2020-02-16,Athletic Bilbao,CA Osasuna,0,1,0-1,2019,A
2020-02-16,Real Madrid,Celta Vigo,2,2,2-2,2019,D
2020-02-21,Real Betis,RCD Mallorca,3,3,3-3,2019,D
2020-02-22,Celta Vigo,CD Leganes,1,0,1-0,2019,H
2020-02-22,FC Barcelona,SD Eibar,5,0,5-0,2019,H
2020-02-22,Real Sociedad,Valencia CF,3,0,3-0,2019,H
2020-02-22,Levante UD,Real Madrid,1,0,1-0,2019,H
2020-02-23,CA Osasuna,Granada CF,0,3,0-3,2019,A
2020-02-23,CD Alaves,Athletic Bilbao,2,1,2-1,2019,H
2020-02-23,Real Valladolid,Espanyol Barcelona,2,1,2-1,2019,H
2020-02-23,Getafe CF,Sevilla FC,0,3,0-3,2019,A
2020-02-23,Atletico Madrid,Villarreal CF,3,1,3-1,2019,H
2020-02-28,Real Sociedad,Real Valladolid,1,0,1-0,2019,H
2020-02-29,SD Eibar,Levante UD,3,0,3-0,2019,H
2020-02-29,Valencia CF,Real Betis,2,1,2-1,2019,H
2020-02-29,CD Leganes,CD Alaves,1,1,1-1,2019,D
2020-02-29,Granada CF,Celta Vigo,0,0,0-0,2019,D
2020-03-01,Sevilla FC,CA Osasuna,3,2,3-2,2019,H
2020-03-01,Athletic Bilbao,Villarreal CF,1,0,1-0,2019,H
2020-03-01,Espanyol Barcelona,Atletico Madrid,1,1,1-1,2019,D
2020-03-01,RCD Mallorca,Getafe CF,0,1,0-1,2019,A
2020-03-01,Real Madrid,FC Barcelona,2,0,2-0,2019,H
2020-03-06,CD Alaves,Valencia CF,1,1,1-1,2019,D
2020-03-07,SD Eibar,RCD Mallorca,1,2,1-2,2019,A
2020-03-07,Atletico Madrid,Sevilla FC,2,2,2-2,2019,D
2020-03-07,FC Barcelona,Real Sociedad,1,0,1-0,2019,H
2020-03-07,Getafe CF,Celta Vigo,0,0,0-0,2019,D
2020-03-08,CA Osasuna,Espanyol Barcelona,1,0,1-0,2019,H
2020-03-08,Real Valladolid,Athletic Bilbao,1,4,1-4,2019,A
2020-03-08,Levante UD,Granada CF,1,1,1-1,2019,D
2020-03-08,Villarreal CF,CD Leganes,1,2,1-2,2019,A
2020-03-08,Real Betis,Real Madrid,2,1,2-1,2019,H
2020-03-10,SD Eibar,Real Sociedad,1,2,1-2,2019,A
2020-06-11,Sevilla FC,Real Betis,2,0,2-0,2019,H
2020-06-12,Granada CF,Getafe CF,2,1,2-1,2019,H
2020-06-12,Valencia CF,Levante UD,1,1,1-1,2019,D
2020-06-13,Espanyol Barcelona,CD Alaves,2,0,2-0,2019,H
2020-06-13,Celta Vigo,Villarreal CF,0,1,0-1,2019,A
2020-06-13,CD Leganes,Real Valladolid,1,2,1-2,2019,A
2020-06-13,RCD Mallorca,FC Barcelona,0,4,0-4,2019,A
2020-06-14,Athletic Bilbao,Atletico Madrid,1,1,1-1,2019,D
2020-06-14,Real Madrid,SD Eibar,3,1,3-1,2019,H
2020-06-14,Real Sociedad,CA Osasuna,1,1,1-1,2019,D
2020-06-15,Levante UD,Sevilla FC,1,1,1-1,2019,D
2020-06-15,Real Betis,Granada CF,2,2,2-2,2019,D
2020-06-16,Getafe CF,Espanyol Barcelona,0,0,0-0,2019,D
2020-06-16,Villarreal CF,RCD Mallorca,1,0,1-0,2019,H
2020-06-16,FC Barcelona,CD Leganes,2,0,2-0,2019,H
2020-06-17,SD Eibar,Athletic Bilbao,2,2,2-2,2019,D
2020-06-17,Real Valladolid,Celta Vigo,0,0,0-0,2019,D
2020-06-17,CA Osasuna,Atletico Madrid,0,5,0-5,2019,A
2020-06-18,CD Alaves,Real Sociedad,2,0,2-0,2019,H
2020-06-18,Real Madrid,Valencia CF,3,0,3-0,2019,H
2020-06-19,Granada CF,Villarreal CF,0,1,0-1,2019,A
2020-06-19,RCD Mallorca,CD Leganes,1,1,1-1,2019,D
2020-06-19,Sevilla FC,FC Barcelona,0,0,0-0,2019,D
2020-06-20,Espanyol Barcelona,Levante UD,1,3,1-3,2019,A
2020-06-20,Athletic Bilbao,Real Betis,1,0,1-0,2019,H
2020-06-20,Getafe CF,SD Eibar,1,1,1-1,2019,D
2020-06-20,Atletico Madrid,Real Valladolid,1,0,1-0,2019,H
2020-06-21,Celta Vigo,CD Alaves,6,0,6-0,2019,H
2020-06-21,Valencia CF,CA Osasuna,2,0,2-0,2019,H
2020-06-21,Real Sociedad,Real Madrid,1,2,1-2,2019,A
2020-06-22,Villarreal CF,Sevilla FC,2,2,2-2,2019,D
2020-06-22,CD Leganes,Granada CF,0,0,0-0,2019,D
2020-06-23,Levante UD,Atletico Madrid,0,1,0-1,2019,A
2020-06-23,Real Valladolid,Getafe CF,1,1,1-1,2019,D
2020-06-23,FC Barcelona,Athletic Bilbao,1,0,1-0,2019,H
2020-06-24,CD Alaves,CA Osasuna,0,1,0-1,2019,A
2020-06-24,Real Sociedad,Celta Vigo,0,1,0-1,2019,A
2020-06-24,Real Madrid,RCD Mallorca,2,0,2-0,2019,H
2020-06-25,SD Eibar,Valencia CF,1,0,1-0,2019,H
2020-06-25,Real Betis,Espanyol Barcelona,1,0,1-0,2019,H
2020-06-26,Sevilla FC,Real Valladolid,1,1,1-1,2019,D
2020-06-27,Athletic Bilbao,RCD Mallorca,3,1,3-1,2019,H
2020-06-27,Celta Vigo,FC Barcelona,2,2,2-2,2019,D
2020-06-27,CA Osasuna,CD Leganes,2,1,2-1,2019,H
2020-06-27,Atletico Madrid,CD Alaves,2,1,2-1,2019,H
2020-06-28,Levante UD,Real Betis,4,2,4-2,2019,H
2020-06-28,Villarreal CF,Valencia CF,2,0,2-0,2019,H
2020-06-28,Granada CF,SD Eibar,1,2,1-2,2019,A
2020-06-28,Espanyol Barcelona,Real Madrid,0,1,0-1,2019,A
2020-06-29,Getafe CF,Real Sociedad,2,1,2-1,2019,H
2020-06-30,RCD Mallorca,Celta Vigo,5,1,5-1,2019,H
2020-06-30,CD Leganes,Sevilla FC,0,3,0-3,2019,A
2020-06-30,FC Barcelona,Atletico Madrid,2,2,2-2,2019,D
2020-07-01,CD Alaves,Granada CF,0,2,0-2,2019,A
2020-07-01,Valencia CF,Athletic Bilbao,0,2,0-2,2019,A
2020-07-01,Real Betis,Villarreal CF,0,2,0-2,2019,A
2020-07-01,Real Valladolid,Levante UD,0,0,0-0,2019,D
2020-07-02,SD Eibar,CA Osasuna,0,2,0-2,2019,A
2020-07-02,Real Sociedad,Espanyol Barcelona,2,1,2-1,2019,H
2020-07-02,Real Madrid,Getafe CF,1,0,1-0,2019,H
2020-07-03,Atletico Madrid,RCD Mallorca,3,0,3-0,2019,H
2020-07-04,Celta Vigo,Real Betis,1,1,1-1,2019,D
2020-07-04,Real Valladolid,CD Alaves,1,0,1-0,2019,H
2020-07-04,Granada CF,Valencia CF,2,2,2-2,2019,D
2020-07-05,Athletic Bilbao,Real Madrid,0,1,0-1,2019,A
2020-07-05,Espanyol Barcelona,CD Leganes,0,1,0-1,2019,A
2020-07-05,CA Osasuna,Getafe CF,0,0,0-0,2019,D
2020-07-05,Villarreal CF,FC Barcelona,1,4,1-4,2019,A
2020-07-06,Levante UD,Real Sociedad,1,1,1-1,2019,D
2020-07-06,Sevilla FC,SD Eibar,1,0,1-0,2019,H
2020-07-07,Valencia CF,Real Valladolid,2,1,2-1,2019,H
2020-07-07,Celta Vigo,Atletico Madrid,1,1,1-1,2019,D
2020-07-08,Real Betis,CA Osasuna,3,0,3-0,2019,H
2020-07-08,Getafe CF,Villarreal CF,1,3,1-3,2019,A
2020-07-08,FC Barcelona,Espanyol Barcelona,1,0,1-0,2019,H
2020-07-09,SD Eibar,CD Leganes,0,0,0-0,2019,D
2020-07-09,RCD Mallorca,Levante UD,2,0,2-0,2019,H
2020-07-09,Athletic Bilbao,Sevilla FC,1,2,1-2,2019,A
2020-07-10,Real Sociedad,Granada CF,2,3,2-3,2019,A
2020-07-10,Real Madrid,CD Alaves,2,0,2-0,2019,H
2020-07-11,CA Osasuna,Celta Vigo,2,1,2-1,2019,H
2020-07-11,Real Valladolid,FC Barcelona,0,1,0-1,2019,A
2020-07-11,Atletico Madrid,Real Betis,1,0,1-0,2019,H
2020-07-12,Espanyol Barcelona,SD Eibar,0,2,0-2,2019,A
2020-07-12,Levante UD,Athletic Bilbao,1,2,1-2,2019,A
2020-07-12,CD Leganes,Valencia CF,1,0,1-0,2019,H
2020-07-12,Sevilla FC,RCD Mallorca,2,0,2-0,2019,H
2020-07-13,CD Alaves,Getafe CF,0,0,0-0,2019,D
2020-07-13,Villarreal CF,Real Sociedad,1,2,1-2,2019,A
2020-07-13,Granada CF,Real Madrid,1,2,1-2,2019,A
2020-07-16,SD Eibar,Real Valladolid,3,1,3-1,2019,H
2020-07-16,Athletic Bilbao,CD Leganes,0,2,0-2,2019,A
2020-07-16,FC Barcelona,CA Osasuna,1,2,1-2,2019,A
2020-07-16,Real Betis,CD Alaves,1,2,1-2,2019,A
2020-07-16,Celta Vigo,Levante UD,2,3,2-3,2019,A
2020-07-16,Getafe CF,Atletico Madrid,0,2,0-2,2019,A
2020-07-16,RCD Mallorca,Granada CF,1,2,1-2,2019,A
2020-07-16,Real Madrid,Villarreal CF,2,1,2-1,2019,H
2020-07-16,Real Sociedad,Sevilla FC,0,0,0-0,2019,D
2020-07-16,Valencia CF,Espanyol Barcelona,1,0,1-0,2019,H
2020-07-19,CD Alaves,FC Barcelona,0,5,0-5,2019,A
2020-07-19,Real Valladolid,Real Betis,2,0,2-0,2019,H
2020-07-19,Villarreal CF,SD Eibar,4,0,4-0,2019,H
2020-07-19,Atletico Madrid,Real Sociedad,1,1,1-1,2019,D
2020-07-19,Espanyol Barcelona,Celta Vigo,0,0,0-0,2019,D
2020-07-19,Granada CF,Athletic Bilbao,4,0,4-0,2019,H
2020-07-19,CD Leganes,Real Madrid,2,2,2-2,2019,D
2020-07-19,Levante UD,Getafe CF,1,0,1-0,2019,H
2020-07-19,CA Osasuna,RCD Mallorca,2,2,2-2,2019,D
2020-07-19,Sevilla FC,Valencia CF,1,0,1-0,2019,H
2020-09-12,SD Eibar,Celta Vigo,0,0,0-0,2020,D
2020-09-12,Granada CF,Athletic Bilbao,2,0,2-0,2020,H
2020-09-12,Cadiz CF,CA Osasuna,0,2,0-2,2020,A
2020-09-13,CD Alaves,Real Betis,0,1,0-1,2020,A
2020-09-13,Real Valladolid,Real Sociedad,1,1,1-1,2020,D
2020-09-13,Villarreal CF,SD Huesca,1,1,1-1,2020,D
2020-09-13,Valencia CF,Levante UD,4,2,4-2,2020,H
2020-09-19,Villarreal CF,SD Eibar,2,1,2-1,2020,H
2020-09-19,Getafe CF,CA Osasuna,1,0,1-0,2020,H
2020-09-19,Celta Vigo,Valencia CF,2,1,2-1,2020,H
2020-09-20,SD Huesca,Cadiz CF,0,2,0-2,2020,A
2020-09-20,Real Betis,Real Valladolid,2,0,2-0,2020,H
2020-09-20,Granada CF,CD Alaves,2,1,2-1,2020,H
2020-09-20,Real Sociedad,Real Madrid,0,0,0-0,2020,D
2020-09-26,CD Alaves,Getafe CF,0,0,0-0,2020,D
2020-09-26,Valencia CF,SD Huesca,1,1,1-1,2020,D
2020-09-26,Elche CF,Real Sociedad,0,3,0-3,2020,A
2020-09-26,Real Betis,Real Madrid,2,3,2-3,2020,A
2020-09-27,CA Osasuna,Levante UD,1,3,1-3,2020,A
2020-09-27,SD Eibar,Athletic Bilbao,1,2,1-2,2020,A
2020-09-27,Atletico Madrid,Granada CF,6,1,6-1,2020,H
2020-09-27,Cadiz CF,Sevilla FC,1,3,1-3,2020,A
2020-09-27,Real Valladolid,Celta Vigo,1,1,1-1,2020,D
2020-09-27,FC Barcelona,Villarreal CF,4,0,4-0,2020,H
2020-09-29,Real Sociedad,Valencia CF,0,1,0-1,2020,A
2020-09-29,Getafe CF,Real Betis,3,0,3-0,2020,H
2020-09-30,SD Huesca,Atletico Madrid,0,0,0-0,2020,D
2020-09-30,Villarreal CF,CD Alaves,3,1,3-1,2020,H
2020-09-30,SD Eibar,Elche CF,0,1,0-1,2020,A
2020-09-30,Real Madrid,Real Valladolid,1,0,1-0,2020,H
2020-10-01,Athletic Bilbao,Cadiz CF,0,1,0-1,2020,A
2020-10-01,Sevilla FC,Levante UD,1,0,1-0,2020,H
2020-10-01,Celta Vigo,FC Barcelona,0,3,0-3,2020,A
2020-10-03,Real Valladolid,SD Eibar,1,2,1-2,2020,A
2020-10-03,Atletico Madrid,Villarreal CF,0,0,0-0,2020,D
2020-10-03,Elche CF,SD Huesca,0,0,0-0,2020,D
2020-10-03,Real Sociedad,Getafe CF,3,0,3-0,2020,H
2020-10-03,Valencia CF,Real Betis,0,2,0-2,2020,A
2020-10-04,CA Osasuna,Celta Vigo,2,0,2-0,2020,H
2020-10-04,CD Alaves,Athletic Bilbao,1,0,1-0,2020,H
2020-10-04,Levante UD,Real Madrid,0,2,0-2,2020,A
2020-10-04,Cadiz CF,Granada CF,1,1,1-1,2020,D
2020-10-04,FC Barcelona,Sevilla FC,1,1,1-1,2020,D
2020-10-17,Granada CF,Sevilla FC,1,0,1-0,2020,H
2020-10-17,Celta Vigo,Atletico Madrid,0,2,0-2,2020,A
2020-10-17,Real Madrid,Cadiz CF,0,1,0-1,2020,A
2020-10-17,Getafe CF,FC Barcelona,1,0,1-0,2020,H
2020-10-18,SD Eibar,CA Osasuna,0,0,0-0,2020,D
2020-10-18,Athletic Bilbao,Levante UD,2,0,2-0,2020,H
2020-10-18,Villarreal CF,Valencia CF,2,1,2-1,2020,H
2020-10-18,CD Alaves,Elche CF,0,2,0-2,2020,A
2020-10-18,SD Huesca,Real Valladolid,2,2,2-2,2020,D
2020-10-18,Real Betis,Real Sociedad,0,3,0-3,2020,A
2020-10-23,Elche CF,Valencia CF,2,1,2-1,2020,H
2020-10-24,FC Barcelona,Real Madrid,1,3,1-3,2020,A
2020-10-24,CA Osasuna,Athletic Bilbao,1,0,1-0,2020,H
2020-10-24,Sevilla FC,SD Eibar,0,1,0-1,2020,A
2020-10-24,Atletico Madrid,Real Betis,2,0,2-0,2020,H
2020-10-25,Real Valladolid,CD Alaves,0,2,0-2,2020,A
2020-10-25,Cadiz CF,Villarreal CF,0,0,0-0,2020,D
2020-10-25,Getafe CF,Granada CF,0,1,0-1,2020,A
2020-10-25,Real Sociedad,SD Huesca,4,1,4-1,2020,H
2020-10-26,Levante UD,Celta Vigo,1,1,1-1,2020,D
2020-10-30,SD Eibar,Cadiz CF,0,2,0-2,2020,A
2020-10-31,Real Madrid,SD Huesca,4,1,4-1,2020,H
2020-10-31,Athletic Bilbao,Sevilla FC,2,1,2-1,2020,H
2020-10-31,CA Osasuna,Atletico Madrid,1,3,1-3,2020,A
2020-10-31,CD Alaves,FC Barcelona,1,1,1-1,2020,D
2020-11-01,Real Betis,Elche CF,3,1,3-1,2020,H
2020-11-01,Celta Vigo,Real Sociedad,1,4,1-4,2020,A
2020-11-01,Granada CF,Levante UD,1,1,1-1,2020,D
2020-11-01,Valencia CF,Getafe CF,2,2,2-2,2020,D
2020-11-02,Villarreal CF,Real Valladolid,2,0,2-0,2020,H
2020-11-06,Elche CF,Celta Vigo,1,1,1-1,2020,D
2020-11-07,SD Huesca,SD Eibar,1,1,1-1,2020,D
2020-11-07,FC Barcelona,Real Betis,5,2,5-2,2020,H
2020-11-07,Sevilla FC,CA Osasuna,1,0,1-0,2020,H
2020-11-07,Atletico Madrid,Cadiz CF,4,0,4-0,2020,H
2020-11-08,Getafe CF,Villarreal CF,1,3,1-3,2020,A
2020-11-08,Real Sociedad,Granada CF,2,0,2-0,2020,H
2020-11-08,Levante UD,CD Alaves,1,1,1-1,2020,D
2020-11-08,Real Valladolid,Athletic Bilbao,2,1,2-1,2020,H
2020-11-08,Valencia CF,Real Madrid,4,1,4-1,2020,H
2020-11-20,CA Osasuna,SD Huesca,1,1,1-1,2020,D
2020-11-21,Levante UD,Elche CF,1,1,1-1,2020,D
2020-11-21,Villarreal CF,Real Madrid,1,1,1-1,2020,D
2020-11-21,Sevilla FC,Celta Vigo,4,2,4-2,2020,H
2020-11-21,Atletico Madrid,FC Barcelona,1,0,1-0,2020,H
2020-11-22,SD Eibar,Getafe CF,0,0,0-0,2020,D
2020-11-22,Cadiz CF,Real Sociedad,0,1,0-1,2020,A
2020-11-22,Granada CF,Real Valladolid,1,3,1-3,2020,A
2020-11-22,CD Alaves,Valencia CF,2,2,2-2,2020,D
2020-11-23,Athletic Bilbao,Real Betis,4,0,4-0,2020,H
2020-11-27,Real Valladolid,Levante UD,1,1,1-1,2020,D
2020-11-28,Elche CF,Cadiz CF,1,1,1-1,2020,D
2020-11-28,Valencia CF,Atletico Madrid,0,1,0-1,2020,A
2020-11-28,SD Huesca,Sevilla FC,0,1,0-1,2020,A
2020-11-28,Real Madrid,CD Alaves,1,2,1-2,2020,A
2020-11-29,FC Barcelona,CA Osasuna,4,0,4-0,2020,H
2020-11-29,Getafe CF,Athletic Bilbao,1,1,1-1,2020,D
2020-11-29,Celta Vigo,Granada CF,3,1,3-1,2020,H
2020-11-29,Real Sociedad,Villarreal CF,1,1,1-1,2020,D
2020-11-30,Real Betis,SD Eibar,0,2,0-2,2020,A
2020-12-04,Athletic Bilbao,Celta Vigo,0,2,0-2,2020,A
2020-12-05,Levante UD,Getafe CF,3,0,3-0,2020,H
2020-12-05,Sevilla FC,Real Madrid,0,1,0-1,2020,A
2020-12-05,Atletico Madrid,Real Valladolid,2,0,2-0,2020,H
2020-12-05,Cadiz CF,FC Barcelona,2,1,2-1,2020,H
2020-12-06,Granada CF,SD Huesca,3,3,3-3,2020,D
2020-12-06,CA Osasuna,Real Betis,0,2,0-2,2020,A
2020-12-06,Villarreal CF,Elche CF,0,0,0-0,2020,D
2020-12-06,CD Alaves,Real Sociedad,0,0,0-0,2020,D
2020-12-07,SD Eibar,Valencia CF,0,0,0-0,2020,D
2020-12-11,Real Valladolid,CA Osasuna,3,2,3-2,2020,H
2020-12-12,Valencia CF,Athletic Bilbao,2,2,2-2,2020,D
2020-12-12,Getafe CF,Sevilla FC,0,1,0-1,2020,A
2020-12-12,SD Huesca,CD Alaves,1,0,1-0,2020,H
2020-12-12,Real Madrid,Atletico Madrid,2,0,2-0,2020,H
2020-12-13,Real Sociedad,SD Eibar,1,1,1-1,2020,D
2020-12-13,Real Betis,Villarreal CF,1,1,1-1,2020,D
2020-12-13,Elche CF,Granada CF,0,1,0-1,2020,A
2020-12-13,FC Barcelona,Levante UD,1,0,1-0,2020,H
2020-12-14,Celta Vigo,Cadiz CF,4,0,4-0,2020,H
2020-12-15,Real Madrid,Athletic Bilbao,3,1,3-1,2020,H
2020-12-16,FC Barcelona,Real Sociedad,2,1,2-1,2020,H
2020-12-18,Athletic Bilbao,SD Huesca,2,0,2-0,2020,H
2020-12-19,Atletico Madrid,Elche CF,3,1,3-1,2020,H
2020-12-19,FC Barcelona,Valencia CF,2,2,2-2,2020,D
2020-12-19,Levante UD,Real Sociedad,2,1,2-1,2020,H
2020-12-19,CA Osasuna,Villarreal CF,1,3,1-3,2020,A
2020-12-19,Sevilla FC,Real Valladolid,1,1,1-1,2020,D
2020-12-20,Celta Vigo,CD Alaves,2,0,2-0,2020,H
2020-12-20,Granada CF,Real Betis,2,0,2-0,2020,H
2020-12-20,Cadiz CF,Getafe CF,0,2,0-2,2020,A
2020-12-20,SD Eibar,Real Madrid,1,3,1-3,2020,A
2020-12-22,Elche CF,CA Osasuna,2,2,2-2,2020,D
2020-12-22,Valencia CF,Sevilla FC,0,1,0-1,2020,A
2020-12-22,SD Huesca,Levante UD,1,1,1-1,2020,D
2020-12-22,Real Sociedad,Atletico Madrid,0,2,0-2,2020,A
2020-12-22,Real Valladolid,FC Barcelona,0,3,0-3,2020,A
2020-12-22,Villarreal CF,Athletic Bilbao,1,1,1-1,2020,D
2020-12-23,Getafe CF,Celta Vigo,1,1,1-1,2020,D
2020-12-23,Real Madrid,Granada CF,2,0,2-0,2020,H
2020-12-23,CD Alaves,SD Eibar,2,1,2-1,2020,H
2020-12-23,Real Betis,Cadiz CF,1,0,1-0,2020,H
2020-12-29,Sevilla FC,Villarreal CF,2,0,2-0,2020,H
2020-12-29,FC Barcelona,SD Eibar,1,1,1-1,2020,D
2020-12-29,Cadiz CF,Real Valladolid,0,0,0-0,2020,D
2020-12-29,Levante UD,Real Betis,4,3,4-3,2020,H
2020-12-30,Granada CF,Valencia CF,2,1,2-1,2020,H
2020-12-30,Atletico Madrid,Getafe CF,1,0,1-0,2020,H
2020-12-30,Celta Vigo,SD Huesca,2,1,2-1,2020,H
2020-12-30,Elche CF,Real Madrid,1,1,1-1,2020,D
2020-12-31,Athletic Bilbao,Real Sociedad,0,1,0-1,2020,A
2020-12-31,CA Osasuna,CD Alaves,1,1,1-1,2020,D
2021-01-02,Villarreal CF,Levante UD,2,1,2-1,2020,H
2021-01-02,Real Betis,Sevilla FC,1,1,1-1,2020,D
2021-01-02,Getafe CF,Real Valladolid,0,1,0-1,2020,A
2021-01-02,Real Madrid,Celta Vigo,2,0,2-0,2020,H
2021-01-03,Athletic Bilbao,Elche CF,1,0,1-0,2020,H
2021-01-03,CD Alaves,Atletico Madrid,1,2,1-2,2020,A
2021-01-03,SD Eibar,Granada CF,2,0,2-0,2020,H
2021-01-03,Real Sociedad,CA Osasuna,1,1,1-1,2020,D
2021-01-03,SD Huesca,FC Barcelona,0,1,0-1,2020,A
2021-01-04,Valencia CF,Cadiz CF,1,1,1-1,2020,D
2021-01-06,Athletic Bilbao,FC Barcelona,2,3,2-3,2020,A
2021-01-08,Celta Vigo,Villarreal CF,0,4,0-4,2020,A
2021-01-09,Sevilla FC,Real Sociedad,3,2,3-2,2020,H
2021-01-09,Granada CF,FC Barcelona,0,4,0-4,2020,A
2021-01-09,CA Osasuna,Real Madrid,0,0,0-0,2020,D
2021-01-10,Levante UD,SD Eibar,2,1,2-1,2020,H
2021-01-10,Cadiz CF,CD Alaves,3,1,3-1,2020,H
2021-01-10,Real Valladolid,Valencia CF,0,1,0-1,2020,A
2021-01-11,Elche CF,Getafe CF,1,3,1-3,2020,A
2021-01-11,SD Huesca,Real Betis,0,2,0-2,2020,A
2021-01-12,Granada CF,CA Osasuna,2,0,2-0,2020,H
2021-01-12,Atletico Madrid,Sevilla FC,2,0,2-0,2020,H
2021-01-19,Cadiz CF,Levante UD,2,2,2-2,2020,D
2021-01-19,Real Valladolid,Elche CF,2,2,2-2,2020,D
2021-01-19,CD Alaves,Sevilla FC,1,2,1-2,2020,A
2021-01-20,Getafe CF,SD Huesca,1,0,1-0,2020,H
2021-01-20,Real Betis,Celta Vigo,2,1,2-1,2020,H
2021-01-20,Villarreal CF,Granada CF,2,2,2-2,2020,D
2021-01-21,Valencia CF,CA Osasuna,1,1,1-1,2020,D
2021-01-21,SD Eibar,Atletico Madrid,1,2,1-2,2020,A
2021-01-22,Levante UD,Real Valladolid,2,2,2-2,2020,D
2021-01-23,SD Huesca,Villarreal CF,0,0,0-0,2020,D
2021-01-23,Sevilla FC,Cadiz CF,3,0,3-0,2020,H
2021-01-23,Real Sociedad,Real Betis,2,2,2-2,2020,D
2021-01-23,CD Alaves,Real Madrid,1,4,1-4,2020,A
2021-01-24,CA Osasuna,Granada CF,3,1,3-1,2020,H
2021-01-24,Elche CF,FC Barcelona,0,2,0-2,2020,A
2021-01-24,Celta Vigo,SD Eibar,1,1,1-1,2020,D
2021-01-24,Atletico Madrid,Valencia CF,3,1,3-1,2020,H
2021-01-25,Athletic Bilbao,Getafe CF,5,1,5-1,2020,H
2021-01-29,Real Valladolid,SD Huesca,1,3,1-3,2020,A
2021-01-30,SD Eibar,Sevilla FC,0,2,0-2,2020,A
2021-01-30,Real Madrid,Levante UD,1,2,1-2,2020,A
2021-01-30,Valencia CF,Elche CF,1,0,1-0,2020,H
2021-01-30,Villarreal CF,Real Sociedad,1,1,1-1,2020,D
2021-01-31,Getafe CF,CD Alaves,0,0,0-0,2020,D
2021-01-31,Cadiz CF,Atletico Madrid,2,4,2-4,2020,A
2021-01-31,Granada CF,Celta Vigo,0,0,0-0,2020,D
2021-01-31,FC Barcelona,Athletic Bilbao,2,1,2-1,2020,H
2021-02-01,Real Betis,CA Osasuna,1,0,1-0,2020,H
2021-02-05,CD Alaves,Real Valladolid,1,0,1-0,2020,H
2021-02-06,Levante UD,Granada CF,2,2,2-2,2020,D
2021-02-06,SD Huesca,Real Madrid,1,2,1-2,2020,A
2021-02-06,Elche CF,Villarreal CF,2,2,2-2,2020,D
2021-02-06,Sevilla FC,Getafe CF,3,0,3-0,2020,H
2021-02-07,Real Sociedad,Cadiz CF,4,1,4-1,2020,H
2021-02-07,Athletic Bilbao,Valencia CF,1,1,1-1,2020,D
2021-02-07,CA Osasuna,SD Eibar,2,1,2-1,2020,H
2021-02-07,Real Betis,FC Barcelona,2,3,2-3,2020,A
2021-02-08,Atletico Madrid,Celta Vigo,2,2,2-2,2020,D
2021-02-09,Real Madrid,Getafe CF,2,0,2-0,2020,H
2021-02-12,Celta Vigo,Elche CF,3,1,3-1,2020,H
2021-02-13,Granada CF,Atletico Madrid,1,2,1-2,2020,A
2021-02-13,Sevilla FC,SD Huesca,1,0,1-0,2020,H
2021-02-13,SD Eibar,Real Valladolid,1,1,1-1,2020,D
2021-02-13,FC Barcelona,CD Alaves,5,1,5-1,2020,H
2021-02-14,Getafe CF,Real Sociedad,0,1,0-1,2020,A
2021-02-14,Real Madrid,Valencia CF,2,0,2-0,2020,H
2021-02-14,Levante UD,CA Osasuna,0,1,0-1,2020,A
2021-02-14,Villarreal CF,Real Betis,1,2,1-2,2020,A
2021-02-15,Cadiz CF,Athletic Bilbao,0,4,0-4,2020,A
2021-02-17,Levante UD,Atletico Madrid,1,1,1-1,2020,D
2021-02-19,Real Betis,Getafe CF,1,0,1-0,2020,H
2021-02-20,Elche CF,SD Eibar,1,0,1-0,2020,H
2021-02-20,Atletico Madrid,Levante UD,0,2,0-2,2020,A
2021-02-20,Valencia CF,Celta Vigo,2,0,2-0,2020,H
2021-02-20,Real Valladolid,Real Madrid,0,1,0-1,2020,A
2021-02-21,FC Barcelona,Cadiz CF,1,1,1-1,2020,D
2021-02-21,Real Sociedad,CD Alaves,4,0,4-0,2020,H
2021-02-21,SD Huesca,Granada CF,3,2,3-2,2020,H
2021-02-21,Athletic Bilbao,Villarreal CF,1,1,1-1,2020,D
2021-02-22,CA Osasuna,Sevilla FC,0,2,0-2,2020,A
2021-02-24,FC Barcelona,Elche CF,3,0,3-0,2020,H
2021-02-26,Levante UD,Athletic Bilbao,1,1,1-1,2020,D
2021-02-27,SD Eibar,SD Huesca,1,1,1-1,2020,D
2021-02-27,Sevilla FC,FC Barcelona,0,2,0-2,2020,A
2021-02-27,CD Alaves,CA Osasuna,0,1,0-1,2020,A
2021-02-27,Getafe CF,Valencia CF,3,0,3-0,2020,H
2021-02-28,Celta Vigo,Real Valladolid,1,1,1-1,2020,D
2021-02-28,Cadiz CF,Real Betis,0,1,0-1,2020,A
2021-02-28,Granada CF,Elche CF,2,1,2-1,2020,H
2021-02-28,Villarreal CF,Atletico Madrid,0,2,0-2,2020,A
2021-03-01,Real Madrid,Real Sociedad,1,1,1-1,2020,D
2021-03-05,Valencia CF,Villarreal CF,2,1,2-1,2020,H
2021-03-06,Real Valladolid,Getafe CF,2,1,2-1,2020,H
2021-03-06,Elche CF,Sevilla FC,2,1,2-1,2020,H
2021-03-06,Cadiz CF,SD Eibar,1,0,1-0,2020,H
2021-03-06,CA Osasuna,FC Barcelona,0,2,0-2,2020,A
2021-03-07,SD Huesca,Celta Vigo,3,4,3-4,2020,A
2021-03-07,Atletico Madrid,Real Madrid,1,1,1-1,2020,D
2021-03-07,Real Sociedad,Levante UD,1,0,1-0,2020,H
2021-03-07,Athletic Bilbao,Granada CF,2,1,2-1,2020,H
2021-03-08,Real Betis,CD Alaves,3,2,3-2,2020,H
2021-03-10,Atletico Madrid,Athletic Bilbao,2,1,2-1,2020,H
2021-03-12,Levante UD,Valencia CF,1,0,1-0,2020,H
2021-03-13,CD Alaves,Cadiz CF,1,1,1-1,2020,D
2021-03-13,Real Madrid,Elche CF,2,1,2-1,2020,H
2021-03-13,CA Osasuna,Real Valladolid,0,0,0-0,2020,D
2021-03-13,Getafe CF,Atletico Madrid,0,0,0-0,2020,D
2021-03-14,Celta Vigo,Athletic Bilbao,0,0,0-0,2020,D
2021-03-14,Granada CF,Real Sociedad,1,0,1-0,2020,H
2021-03-14,SD Eibar,Villarreal CF,1,3,1-3,2020,A
2021-03-14,Sevilla FC,Real Betis,1,0,1-0,2020,H
2021-03-15,FC Barcelona,SD Huesca,4,1,4-1,2020,H
2021-03-17,Sevilla FC,Elche CF,2,0,2-0,2020,H
2021-03-19,Real Betis,Levante UD,2,0,2-0,2020,H
2021-03-20,Athletic Bilbao,SD Eibar,1,1,1-1,2020,D
2021-03-20,Celta Vigo,Real Madrid,1,3,1-3,2020,A
2021-03-20,SD Huesca,CA Osasuna,0,0,0-0,2020,D
2021-03-20,Real Valladolid,Sevilla FC,1,1,1-1,2020,D
2021-03-21,Getafe CF,Elche CF,1,1,1-1,2020,D
2021-03-21,Valencia CF,Granada CF,2,1,2-1,2020,H
2021-03-21,Villarreal CF,Cadiz CF,2,1,2-1,2020,H
2021-03-21,Atletico Madrid,CD Alaves,1,0,1-0,2020,H
2021-03-21,Real Sociedad,FC Barcelona,1,6,1-6,2020,A
2021-04-02,Levante UD,SD Huesca,0,2,0-2,2020,A
2021-04-03,Granada CF,Villarreal CF,0,3,0-3,2020,A
2021-04-03,Real Madrid,SD Eibar,2,0,2-0,2020,H
2021-04-03,CA Osasuna,Getafe CF,0,0,0-0,2020,D
2021-04-04,CD Alaves,Celta Vigo,1,3,1-3,2020,A
2021-04-04,Elche CF,Real Betis,1,1,1-1,2020,D
2021-04-04,Cadiz CF,Valencia CF,2,1,2-1,2020,H
2021-04-04,Sevilla FC,Atletico Madrid,1,0,1-0,2020,H
2021-04-05,FC Barcelona,Real Valladolid,1,0,1-0,2020,H
2021-04-07,Real Sociedad,Athletic Bilbao,1,1,1-1,2020,D
2021-04-09,SD Huesca,Elche CF,3,1,3-1,2020,H
2021-04-10,Getafe CF,Cadiz CF,0,1,0-1,2020,A
2021-04-10,Athletic Bilbao,CD Alaves,0,0,0-0,2020,D
2021-04-10,SD Eibar,Levante UD,0,1,0-1,2020,A
2021-04-10,Real Madrid,FC Barcelona,2,1,2-1,2020,H
2021-04-11,Villarreal CF,CA Osasuna,1,2,1-2,2020,A
2021-04-11,Valencia CF,Real Sociedad,2,2,2-2,2020,D
2021-04-11,Real Valladolid,Granada CF,1,2,1-2,2020,A
2021-04-11,Real Betis,Atletico Madrid,1,1,1-1,2020,D
2021-04-12,Celta Vigo,Sevilla FC,3,4,3-4,2020,A
2021-04-18,CA Osasuna,Elche CF,2,0,2-0,2020,H
2021-04-18,Real Sociedad,Sevilla FC,1,2,1-2,2020,A
2021-04-18,CD Alaves,SD Huesca,1,0,1-0,2020,H
2021-04-18,Atletico Madrid,SD Eibar,5,0,5-0,2020,H
2021-04-18,Real Betis,Valencia CF,2,2,2-2,2020,D
2021-04-18,Cadiz CF,Celta Vigo,0,0,0-0,2020,D
2021-04-18,Getafe CF,Real Madrid,0,0,0-0,2020,D
2021-04-18,Levante UD,Villarreal CF,1,5,1-5,2020,A
2021-04-21,Levante UD,Sevilla FC,0,1,0-1,2020,A
2021-04-21,CA Osasuna,Valencia CF,3,1,3-1,2020,H
2021-04-21,Real Betis,Athletic Bilbao,0,0,0-0,2020,D
2021-04-21,CD Alaves,Villarreal CF,2,1,2-1,2020,H
2021-04-21,Elche CF,Real Valladolid,1,1,1-1,2020,D
2021-04-21,Cadiz CF,Real Madrid,0,3,0-3,2020,A
2021-04-22,Atletico Madrid,SD Huesca,2,0,2-0,2020,H
2021-04-22,Granada CF,SD Eibar,4,1,4-1,2020,H
2021-04-22,Real Sociedad,Celta Vigo,2,1,2-1,2020,H
2021-04-22,FC Barcelona,Getafe CF,5,2,5-2,2020,H
2021-04-24,Elche CF,Levante UD,1,0,1-0,2020,H
2021-04-24,Real Valladolid,Cadiz CF,1,1,1-1,2020,D
2021-04-24,Valencia CF,CD Alaves,1,1,1-1,2020,D
2021-04-24,Real Madrid,Real Betis,0,0,0-0,2020,D
2021-04-25,SD Huesca,Getafe CF,0,2,0-2,2020,A
2021-04-25,Villarreal CF,FC Barcelona,1,2,1-2,2020,A
2021-04-25,Celta Vigo,CA Osasuna,2,1,2-1,2020,H
2021-04-25,Sevilla FC,Granada CF,2,1,2-1,2020,H
2021-04-25,Athletic Bilbao,Atletico Madrid,2,1,2-1,2020,H
2021-04-26,SD Eibar,Real Sociedad,0,1,0-1,2020,A
2021-04-28,Athletic Bilbao,Real Valladolid,2,2,2-2,2020,D
2021-04-29,FC Barcelona,Granada CF,1,2,1-2,2020,A
2021-04-30,Celta Vigo,Levante UD,2,0,2-0,2020,H
2021-05-01,SD Eibar,CD Alaves,3,0,3-0,2020,H
2021-05-01,Elche CF,Atletico Madrid,0,1,0-1,2020,A
2021-05-01,SD Huesca,Real Sociedad,1,0,1-0,2020,H
2021-05-01,Real Madrid,CA Osasuna,2,0,2-0,2020,H
2021-05-02,Real Valladolid,Real Betis,1,1,1-1,2020,D
2021-05-02,Villarreal CF,Getafe CF,1,0,1-0,2020,H
2021-05-02,Granada CF,Cadiz CF,0,1,0-1,2020,A
2021-05-02,Valencia CF,FC Barcelona,2,3,2-3,2020,A
2021-05-03,Sevilla FC,Athletic Bilbao,0,1,0-1,2020,A
2021-05-07,Real Sociedad,Elche CF,2,0,2-0,2020,H
2021-05-08,CD Alaves,Levante UD,2,2,2-2,2020,D
2021-05-08,FC Barcelona,Atletico Madrid,0,0,0-0,2020,D
2021-05-08,Cadiz CF,SD Huesca,2,1,2-1,2020,H
2021-05-08,Athletic Bilbao,CA Osasuna,2,2,2-2,2020,D
2021-05-09,Getafe CF,SD Eibar,0,1,0-1,2020,A
2021-05-09,Valencia CF,Real Valladolid,3,0,3-0,2020,H
2021-05-09,Villarreal CF,Celta Vigo,2,4,2-4,2020,A
2021-05-09,Real Madrid,Sevilla FC,2,2,2-2,2020,D
2021-05-10,Real Betis,Granada CF,2,1,2-1,2020,H
2021-05-11,CA Osasuna,Cadiz CF,3,2,3-2,2020,H
2021-05-11,Elche CF,CD Alaves,0,2,0-2,2020,A
2021-05-11,Levante UD,FC Barcelona,3,3,3-3,2020,D
2021-05-12,Sevilla FC,Valencia CF,1,0,1-0,2020,H
2021-05-12,Celta Vigo,Getafe CF,1,0,1-0,2020,H
2021-05-12,SD Huesca,Athletic Bilbao,1,0,1-0,2020,H
2021-05-12,Atletico Madrid,Real Sociedad,2,1,2-1,2020,H
2021-05-13,Real Valladolid,Villarreal CF,0,2,0-2,2020,A
2021-05-13,SD Eibar,Real Betis,1,1,1-1,2020,D
2021-05-13,Granada CF,Real Madrid,1,4,1-4,2020,A
2021-05-16,CD Alaves,Granada CF,4,2,4-2,2020,H
2021-05-16,Athletic Bilbao,Real Madrid,0,1,0-1,2020,A
2021-05-16,Atletico Madrid,CA Osasuna,2,1,2-1,2020,H
2021-05-16,FC Barcelona,Celta Vigo,1,2,1-2,2020,A
2021-05-16,Real Betis,SD Huesca,1,0,1-0,2020,H
2021-05-16,Cadiz CF,Elche CF,1,3,1-3,2020,A
2021-05-16,Getafe CF,Levante UD,2,1,2-1,2020,H
2021-05-16,Real Sociedad,Real Valladolid,4,1,4-1,2020,H
2021-05-16,Valencia CF,SD Eibar,4,1,4-1,2020,H
2021-05-16,Villarreal CF,Sevilla FC,4,0,4-0,2020,H
2021-05-21,Levante UD,Cadiz CF,2,2,2-2,2020,D
2021-05-22,Celta Vigo,Real Betis,2,3,2-3,2020,A
2021-05-22,SD Eibar,FC Barcelona,0,1,0-1,2020,A
2021-05-22,Elche CF,Athletic Bilbao,2,0,2-0,2020,H
2021-05-22,SD Huesca,Valencia CF,0,0,0-0,2020,D
2021-05-22,CA Osasuna,Real Sociedad,0,1,0-1,2020,A
2021-05-22,Real Madrid,Villarreal CF,2,1,2-1,2020,H
2021-05-22,Real Valladolid,Atletico Madrid,1,2,1-2,2020,A
2021-05-23,Granada CF,Getafe CF,0,0,0-0,2020,D
2021-05-23,Sevilla FC,CD Alaves,1,0,1-0,2020,H
2021-08-13,Valencia CF,Getafe CF,1,0,1-0,2021,H
2021-08-14,Cadiz CF,Levante UD,1,1,1-1,2021,D
2021-08-14,RCD Mallorca,Real Betis,1,1,1-1,2021,D
2021-08-14,CD Alaves,Real Madrid,1,4,1-4,2021,A
2021-08-14,CA Osasuna,Espanyol Barcelona,0,0,0-0,2021,D
2021-08-15,Celta Vigo,Atletico Madrid,1,2,1-2,2021,A
2021-08-15,FC Barcelona,Real Sociedad,4,2,4-2,2021,H
2021-08-15,Sevilla FC,Rayo Vallecano,3,0,3-0,2021,H
2021-08-16,Villarreal CF,Granada CF,0,0,0-0,2021,D
2021-08-16,Elche CF,Athletic Bilbao,0,0,0-0,2021,D
2021-08-20,Real Betis,Cadiz CF,1,1,1-1,2021,D
2021-08-21,CD Alaves,RCD Mallorca,0,1,0-1,2021,A
2021-08-21,Espanyol Barcelona,Villarreal CF,0,0,0-0,2021,D
2021-08-21,Granada CF,Valencia CF,1,1,1-1,2021,D
2021-08-21,Athletic Bilbao,FC Barcelona,1,1,1-1,2021,D
2021-08-22,Real Sociedad,Rayo Vallecano,1,0,1-0,2021,H
2021-08-22,Atletico Madrid,Elche CF,1,0,1-0,2021,H
2021-08-22,Levante UD,Real Madrid,3,3,3-3,2021,D
2021-08-23,Getafe CF,Sevilla FC,0,1,0-1,2021,A
2021-08-23,CA Osasuna,Celta Vigo,0,0,0-0,2021,D
2021-08-27,RCD Mallorca,Espanyol Barcelona,1,0,1-0,2021,H
2021-08-27,Valencia CF,CD Alaves,3,0,3-0,2021,H
2021-08-28,Celta Vigo,Athletic Bilbao,0,1,0-1,2021,A
2021-08-28,Elche CF,Sevilla FC,1,1,1-1,2021,D
2021-08-28,Real Sociedad,Levante UD,1,0,1-0,2021,H
2021-08-28,Real Betis,Real Madrid,0,1,0-1,2021,A
2021-08-29,FC Barcelona,Getafe CF,2,1,2-1,2021,H
2021-08-29,Cadiz CF,CA Osasuna,2,3,2-3,2021,A
2021-08-29,Rayo Vallecano,Granada CF,4,0,4-0,2021,H
2021-08-29,Atletico Madrid,Villarreal CF,2,2,2-2,2021,D
2021-09-11,Levante UD,Rayo Vallecano,1,1,1-1,2021,D
2021-09-11,Athletic Bilbao,RCD Mallorca,2,0,2-0,2021,H
2021-09-12,Espanyol Barcelona,Atletico Madrid,1,2,1-2,2021,A
2021-09-12,CA Osasuna,Valencia CF,1,4,1-4,2021,A
2021-09-12,Cadiz CF,Real Sociedad,0,2,0-2,2021,A
2021-09-12,Real Madrid,Celta Vigo,5,2,5-2,2021,H
2021-09-13,Getafe CF,Elche CF,0,1,0-1,2021,A
2021-09-13,Granada CF,Real Betis,1,2,1-2,2021,A
2021-09-17,Celta Vigo,Cadiz CF,1,2,1-2,2021,A
2021-09-18,Rayo Vallecano,Getafe CF,3,0,3-0,2021,H
2021-09-18,Atletico Madrid,Athletic Bilbao,0,0,0-0,2021,D
2021-09-18,Elche CF,Levante UD,1,1,1-1,2021,D
2021-09-18,CD Alaves,CA Osasuna,0,2,0-2,2021,A
2021-09-19,RCD Mallorca,Villarreal CF,0,0,0-0,2021,D
2021-09-19,Real Sociedad,Sevilla FC,0,0,0-0,2021,D
2021-09-19,Real Betis,Espanyol Barcelona,2,2,2-2,2021,D
2021-09-19,Valencia CF,Real Madrid,1,2,1-2,2021,A
2021-09-20,FC Barcelona,Granada CF,1,1,1-1,2021,D
2021-09-21,Getafe CF,Atletico Madrid,1,2,1-2,2021,A
2021-09-21,Athletic Bilbao,Rayo Vallecano,1,2,1-2,2021,A
2021-09-21,Levante UD,Celta Vigo,0,2,0-2,2021,A
2021-09-22,Espanyol Barcelona,CD Alaves,1,0,1-0,2021,H
2021-09-22,Sevilla FC,Valencia CF,3,1,3-1,2021,H
2021-09-22,Real Madrid,RCD Mallorca,6,1,6-1,2021,H
2021-09-22,Villarreal CF,Elche CF,4,1,4-1,2021,H
2021-09-23,Granada CF,Real Sociedad,2,3,2-3,2021,A
2021-09-23,CA Osasuna,Real Betis,1,3,1-3,2021,A
2021-09-23,Cadiz CF,FC Barcelona,0,0,0-0,2021,D
2021-09-25,CD Alaves,Atletico Madrid,1,0,1-0,2021,H
2021-09-25,Valencia CF,Athletic Bilbao,1,1,1-1,2021,D
2021-09-25,Sevilla FC,Espanyol Barcelona,2,0,2-0,2021,H
2021-09-25,Real Madrid,Villarreal CF,0,0,0-0,2021,D
2021-09-26,RCD Mallorca,CA Osasuna,2,3,2-3,2021,A
2021-09-26,FC Barcelona,Levante UD,3,0,3-0,2021,H
2021-09-26,Real Sociedad,Elche CF,1,0,1-0,2021,H
2021-09-26,Rayo Vallecano,Cadiz CF,3,1,3-1,2021,H
2021-09-26,Real Betis,Getafe CF,2,0,2-0,2021,H
2021-09-27,Celta Vigo,Granada CF,1,0,1-0,2021,H
2021-10-01,Athletic Bilbao,CD Alaves,1,0,1-0,2021,H
2021-10-02,CA Osasuna,Rayo Vallecano,1,0,1-0,2021,H
2021-10-02,RCD Mallorca,Levante UD,1,0,1-0,2021,H
2021-10-02,Cadiz CF,Valencia CF,0,0,0-0,2021,D
2021-10-02,Atletico Madrid,FC Barcelona,2,0,2-0,2021,H
2021-10-03,Elche CF,Celta Vigo,1,0,1-0,2021,H
2021-10-03,Espanyol Barcelona,Real Madrid,2,1,2-1,2021,H
2021-10-03,Getafe CF,Real Sociedad,1,1,1-1,2021,D
2021-10-03,Villarreal CF,Real Betis,2,0,2-0,2021,H
2021-10-03,Granada CF,Sevilla FC,1,0,1-0,2021,H
2021-10-16,Levante UD,Getafe CF,0,0,0-0,2021,D
2021-10-16,Real Sociedad,RCD Mallorca,1,0,1-0,2021,H
2021-10-17,Rayo Vallecano,Elche CF,2,1,2-1,2021,H
2021-10-17,Celta Vigo,Sevilla FC,0,1,0-1,2021,A
2021-10-17,Villarreal CF,CA Osasuna,1,2,1-2,2021,A
2021-10-17,FC Barcelona,Valencia CF,3,1,3-1,2021,H
2021-10-18,CD Alaves,Real Betis,0,1,0-1,2021,A
2021-10-18,Espanyol Barcelona,Cadiz CF,2,0,2-0,2021,H
2021-10-22,CA Osasuna,Granada CF,1,1,1-1,2021,D
2021-10-23,Valencia CF,RCD Mallorca,2,2,2-2,2021,D
2021-10-23,Cadiz CF,CD Alaves,0,2,0-2,2021,A
2021-10-23,Elche CF,Espanyol Barcelona,2,2,2-2,2021,D
2021-10-23,Athletic Bilbao,Villarreal CF,2,1,2-1,2021,H
2021-10-24,Sevilla FC,Levante UD,5,3,5-3,2021,H
2021-10-24,FC Barcelona,Real Madrid,1,2,1-2,2021,A
2021-10-24,Real Betis,Rayo Vallecano,3,2,3-2,2021,H
2021-10-24,Atletico Madrid,Real Sociedad,2,2,2-2,2021,D
2021-10-25,Getafe CF,Celta Vigo,0,3,0-3,2021,A
2021-10-26,CD Alaves,Elche CF,1,0,1-0,2021,H
2021-10-26,Espanyol Barcelona,Athletic Bilbao,1,1,1-1,2021,D
2021-10-26,Villarreal CF,Cadiz CF,3,3,3-3,2021,D
2021-10-27,RCD Mallorca,Sevilla FC,1,1,1-1,2021,D
2021-10-27,Rayo Vallecano,FC Barcelona,1,0,1-0,2021,H
2021-10-27,Real Betis,Valencia CF,4,1,4-1,2021,H
2021-10-27,Real Madrid,CA Osasuna,0,0,0-0,2021,D
2021-10-28,Celta Vigo,Real Sociedad,0,2,0-2,2021,A
2021-10-28,Granada CF,Getafe CF,1,1,1-1,2021,D
2021-10-28,Levante UD,Atletico Madrid,2,2,2-2,2021,D
2021-10-30,Elche CF,Real Madrid,1,2,1-2,2021,A
2021-10-30,Sevilla FC,CA Osasuna,2,0,2-0,2021,H
2021-10-30,Valencia CF,Villarreal CF,2,0,2-0,2021,H
2021-10-30,FC Barcelona,CD Alaves,1,1,1-1,2021,D
2021-10-31,Cadiz CF,RCD Mallorca,1,1,1-1,2021,D
2021-10-31,Atletico Madrid,Real Betis,3,0,3-0,2021,H
2021-10-31,Getafe CF,Espanyol Barcelona,2,1,2-1,2021,H
2021-10-31,Real Sociedad,Athletic Bilbao,1,1,1-1,2021,D
2021-11-01,Rayo Vallecano,Celta Vigo,0,0,0-0,2021,D
2021-11-01,Levante UD,Granada CF,0,3,0-3,2021,A
2021-11-05,Athletic Bilbao,Cadiz CF,0,1,0-1,2021,A
2021-11-06,Espanyol Barcelona,Granada CF,2,0,2-0,2021,H
2021-11-06,Celta Vigo,FC Barcelona,3,3,3-3,2021,D
2021-11-06,CD Alaves,Levante UD,2,1,2-1,2021,H
2021-11-06,Real Madrid,Rayo Vallecano,2,1,2-1,2021,H
2021-11-07,Villarreal CF,Getafe CF,1,0,1-0,2021,H
2021-11-07,Valencia CF,Atletico Madrid,3,3,3-3,2021,D
2021-11-07,RCD Mallorca,Elche CF,2,2,2-2,2021,D
2021-11-07,CA Osasuna,Real Sociedad,0,2,0-2,2021,A
2021-11-07,Real Betis,Sevilla FC,0,2,0-2,2021,A
2021-11-19,Levante UD,Athletic Bilbao,0,0,0-0,2021,D
2021-11-20,Celta Vigo,Villarreal CF,1,1,1-1,2021,D
2021-11-20,Sevilla FC,CD Alaves,2,2,2-2,2021,D
2021-11-20,Atletico Madrid,CA Osasuna,1,0,1-0,2021,H
2021-11-20,FC Barcelona,Espanyol Barcelona,1,0,1-0,2021,H
2021-11-21,Getafe CF,Cadiz CF,4,0,4-0,2021,H
2021-11-21,Granada CF,Real Madrid,1,4,1-4,2021,A
2021-11-21,Elche CF,Real Betis,0,3,0-3,2021,A
2021-11-21,Real Sociedad,Valencia CF,0,0,0-0,2021,D
2021-11-22,Rayo Vallecano,RCD Mallorca,3,1,3-1,2021,H
2021-11-26,Athletic Bilbao,Granada CF,2,2,2-2,2021,D
2021-11-27,CD Alaves,Celta Vigo,1,2,1-2,2021,A
2021-11-27,Valencia CF,Rayo Vallecano,1,1,1-1,2021,D
2021-11-27,RCD Mallorca,Getafe CF,0,0,0-0,2021,D
2021-11-27,Villarreal CF,FC Barcelona,1,3,1-3,2021,A
2021-11-28,Real Betis,Levante UD,3,1,3-1,2021,H
2021-11-28,Espanyol Barcelona,Real Sociedad,1,0,1-0,2021,H
2021-11-28,Cadiz CF,Atletico Madrid,1,4,1-4,2021,A
2021-11-28,Real Madrid,Sevilla FC,2,1,2-1,2021,H
2021-11-29,CA Osasuna,Elche CF,1,1,1-1,2021,D
2021-12-01,Real Madrid,Athletic Bilbao,1,0,1-0,2021,H
2021-12-03,Granada CF,CD Alaves,2,1,2-1,2021,H
2021-12-04,Sevilla FC,Villarreal CF,1,0,1-0,2021,H
2021-12-04,FC Barcelona,Real Betis,0,1,0-1,2021,A
2021-12-04,Atletico Madrid,RCD Mallorca,1,2,1-2,2021,A
2021-12-04,Real Sociedad,Real Madrid,0,2,0-2,2021,A
2021-12-05,Rayo Vallecano,Espanyol Barcelona,1,0,1-0,2021,H
2021-12-05,Elche CF,Cadiz CF,3,1,3-1,2021,H
2021-12-05,Levante UD,CA Osasuna,0,0,0-0,2021,D
2021-12-05,Celta Vigo,Valencia CF,1,2,1-2,2021,A
2021-12-06,Getafe CF,Athletic Bilbao,0,0,0-0,2021,D
2021-12-10,RCD Mallorca,Celta Vigo,0,0,0-0,2021,D
2021-12-11,Espanyol Barcelona,Levante UD,4,3,4-3,2021,H
2021-12-11,CD Alaves,Getafe CF,1,1,1-1,2021,D
2021-12-11,Valencia CF,Elche CF,2,1,2-1,2021,H
2021-12-11,Athletic Bilbao,Sevilla FC,0,1,0-1,2021,A
2021-12-12,Villarreal CF,Rayo Vallecano,2,0,2-0,2021,H
2021-12-12,CA Osasuna,FC Barcelona,2,2,2-2,2021,D
2021-12-12,Real Betis,Real Sociedad,4,0,4-0,2021,H
2021-12-12,Real Madrid,Atletico Madrid,2,0,2-0,2021,H
2021-12-13,Cadiz CF,Granada CF,1,1,1-1,2021,D
2021-12-17,Celta Vigo,Espanyol Barcelona,3,1,3-1,2021,H
2021-12-18,Rayo Vallecano,CD Alaves,2,0,2-0,2021,H
2021-12-18,Real Sociedad,Villarreal CF,1,3,1-3,2021,A
2021-12-18,FC Barcelona,Elche CF,3,2,3-2,2021,H
2021-12-18,Sevilla FC,Atletico Madrid,2,1,2-1,2021,H
2021-12-19,Granada CF,RCD Mallorca,4,1,4-1,2021,H
2021-12-19,Athletic Bilbao,Real Betis,3,2,3-2,2021,H
2021-12-19,Getafe CF,CA Osasuna,1,0,1-0,2021,H
2021-12-19,Real Madrid,Cadiz CF,0,0,0-0,2021,D
2021-12-20,Levante UD,Valencia CF,3,4,3-4,2021,A
2021-12-21,Villarreal CF,CD Alaves,5,2,5-2,2021,H
2021-12-21,Sevilla FC,FC Barcelona,1,1,1-1,2021,D
2021-12-22,Granada CF,Atletico Madrid,2,1,2-1,2021,H
2021-12-22,Athletic Bilbao,Real Madrid,1,2,1-2,2021,A
2021-12-31,Valencia CF,Espanyol Barcelona,1,2,1-2,2021,A
2022-01-02,Getafe CF,Real Madrid,1,0,1-0,2021,H
2022-01-02,Atletico Madrid,Rayo Vallecano,2,0,2-0,2021,H
2022-01-02,Elche CF,Granada CF,0,0,0-0,2021,D
2022-01-02,CD Alaves,Real Sociedad,1,1,1-1,2021,D
2022-01-02,Real Betis,Celta Vigo,0,2,0-2,2021,A
2022-01-02,RCD Mallorca,FC Barcelona,0,1,0-1,2021,A
2022-01-03,Villarreal CF,Levante UD,5,0,5-0,2021,H
2022-01-03,CA Osasuna,Athletic Bilbao,1,3,1-3,2021,A
2022-01-03,Cadiz CF,Sevilla FC,0,1,0-1,2021,A
2022-01-08,Levante UD,RCD Mallorca,2,0,2-0,2021,H
2022-01-08,Real Sociedad,Celta Vigo,1,0,1-0,2021,H
2022-01-08,Granada CF,FC Barcelona,1,1,1-1,2021,D
2022-01-08,Real Madrid,Valencia CF,4,1,4-1,2021,H
2022-01-09,Rayo Vallecano,Real Betis,1,1,1-1,2021,D
2022-01-09,Sevilla FC,Getafe CF,1,0,1-0,2021,H
2022-01-09,CD Alaves,Athletic Bilbao,0,0,0-0,2021,D
2022-01-09,CA Osasuna,Cadiz CF,2,0,2-0,2021,H
2022-01-09,Villarreal CF,Atletico Madrid,2,2,2-2,2021,D
2022-01-10,Espanyol Barcelona,Elche CF,1,2,1-2,2021,A
2022-01-16,Elche CF,Villarreal CF,1,0,1-0,2021,H
2022-01-18,Real Betis,CD Alaves,4,0,4-0,2021,H
2022-01-18,Cadiz CF,Espanyol Barcelona,2,2,2-2,2021,D
2022-01-19,Celta Vigo,CA Osasuna,2,0,2-0,2021,H
2022-01-19,Valencia CF,Sevilla FC,1,1,1-1,2021,D
2022-01-20,Getafe CF,Granada CF,4,2,4-2,2021,H
2022-01-21,Espanyol Barcelona,Real Betis,1,4,1-4,2021,A
2022-01-22,Levante UD,Cadiz CF,0,2,0-2,2021,A
2022-01-22,Villarreal CF,RCD Mallorca,3,0,3-0,2021,H
2022-01-22,Sevilla FC,Celta Vigo,2,2,2-2,2021,D
2022-01-22,Atletico Madrid,Valencia CF,3,2,3-2,2021,H
2022-01-23,Granada CF,CA Osasuna,0,2,0-2,2021,A
2022-01-23,Real Madrid,Elche CF,2,2,2-2,2021,D
2022-01-23,Real Sociedad,Getafe CF,0,0,0-0,2021,D
2022-01-23,Rayo Vallecano,Athletic Bilbao,0,1,0-1,2021,A
2022-01-23,CD Alaves,FC Barcelona,0,1,0-1,2021,A
2022-02-04,Getafe CF,Levante UD,3,0,3-0,2021,H
2022-02-05,Elche CF,CD Alaves,3,1,3-1,2021,H
2022-02-05,RCD Mallorca,Cadiz CF,2,1,2-1,2021,H
2022-02-05,Celta Vigo,Rayo Vallecano,2,0,2-0,2021,H
2022-02-05,CA Osasuna,Sevilla FC,0,0,0-0,2021,D
2022-02-06,Valencia CF,Real Sociedad,0,0,0-0,2021,D
2022-02-06,FC Barcelona,Atletico Madrid,4,2,4-2,2021,H
2022-02-06,Real Betis,Villarreal CF,0,2,0-2,2021,A
2022-02-06,Real Madrid,Granada CF,1,0,1-0,2021,H
2022-02-07,Athletic Bilbao,Espanyol Barcelona,2,1,2-1,2021,H
2022-02-11,Sevilla FC,Elche CF,2,0,2-0,2021,H
2022-02-12,Cadiz CF,Celta Vigo,0,0,0-0,2021,D
2022-02-12,Villarreal CF,Real Madrid,0,0,0-0,2021,D
2022-02-12,Rayo Vallecano,CA Osasuna,0,3,0-3,2021,A
2022-02-12,Atletico Madrid,Getafe CF,4,3,4-3,2021,H
2022-02-13,CD Alaves,Valencia CF,2,1,2-1,2021,H
2022-02-13,Levante UD,Real Betis,2,4,2-4,2021,A
2022-02-13,Real Sociedad,Granada CF,2,0,2-0,2021,H
2022-02-13,Espanyol Barcelona,FC Barcelona,2,2,2-2,2021,D
2022-02-14,RCD Mallorca,Athletic Bilbao,3,2,3-2,2021,H
2022-02-16,Atletico Madrid,Levante UD,0,1,0-1,2021,A
2022-02-18,Elche CF,Rayo Vallecano,2,1,2-1,2021,H
2022-02-19,Granada CF,Villarreal CF,1,4,1-4,2021,A
2022-02-19,CA Osasuna,Atletico Madrid,0,3,0-3,2021,A
2022-02-19,Cadiz CF,Getafe CF,1,1,1-1,2021,D
2022-02-19,Real Madrid,CD Alaves,3,0,3-0,2021,H
2022-02-20,Espanyol Barcelona,Sevilla FC,1,1,1-1,2021,D
2022-02-20,Valencia CF,FC Barcelona,1,4,1-4,2021,A
2022-02-20,Real Betis,RCD Mallorca,2,1,2-1,2021,H
2022-02-20,Athletic Bilbao,Real Sociedad,4,0,4-0,2021,H
2022-02-21,Celta Vigo,Levante UD,1,1,1-1,2021,D
2022-02-25,Levante UD,Elche CF,3,0,3-0,2021,H
2022-02-26,RCD Mallorca,Valencia CF,0,1,0-1,2021,A
2022-02-26,Getafe CF,CD Alaves,2,2,2-2,2021,D
2022-02-26,Rayo Vallecano,Real Madrid,0,1,0-1,2021,A
2022-02-26,Atletico Madrid,Celta Vigo,2,0,2-0,2021,H
2022-02-27,Villarreal CF,Espanyol Barcelona,5,1,5-1,2021,H
2022-02-27,Sevilla FC,Real Betis,2,1,2-1,2021,H
2022-02-27,Real Sociedad,CA Osasuna,1,0,1-0,2021,H
2022-02-27,FC Barcelona,Athletic Bilbao,4,0,4-0,2021,H
2022-02-28,Granada CF,Cadiz CF,0,0,0-0,2021,D
2022-03-02,RCD Mallorca,Real Sociedad,0,2,0-2,2021,A
2022-03-04,CD Alaves,Sevilla FC,0,0,0-0,2021,D
2022-03-05,CA Osasuna,Villarreal CF,1,0,1-0,2021,H
2022-03-05,Espanyol Barcelona,Getafe CF,2,0,2-0,2021,H
2022-03-05,Valencia CF,Granada CF,3,1,3-1,2021,H
2022-03-05,Real Madrid,Real Sociedad,4,1,4-1,2021,H
2022-03-06,Cadiz CF,Rayo Vallecano,2,0,2-0,2021,H
2022-03-06,Elche CF,FC Barcelona,1,2,1-2,2021,A
2022-03-06,Celta Vigo,RCD Mallorca,4,3,4-3,2021,H
2022-03-06,Real Betis,Atletico Madrid,1,3,1-3,2021,A
2022-03-07,Athletic Bilbao,Levante UD,3,1,3-1,2021,H
2022-03-11,Atletico Madrid,Cadiz CF,2,1,2-1,2021,H
2022-03-12,Levante UD,Espanyol Barcelona,1,1,1-1,2021,D
2022-03-12,Granada CF,Elche CF,0,1,0-1,2021,A
2022-03-12,Villarreal CF,Celta Vigo,1,0,1-0,2021,H
2022-03-12,Getafe CF,Valencia CF,0,0,0-0,2021,D
2022-03-13,Rayo Vallecano,Sevilla FC,1,1,1-1,2021,D
2022-03-13,Real Betis,Athletic Bilbao,1,0,1-0,2021,H
2022-03-13,Real Sociedad,CD Alaves,1,0,1-0,2021,H
2022-03-13,FC Barcelona,CA Osasuna,4,0,4-0,2021,H
2022-03-14,RCD Mallorca,Real Madrid,0,3,0-3,2021,A
2022-03-18,Athletic Bilbao,Getafe CF,1,1,1-1,2021,D
2022-03-19,CD Alaves,Granada CF,2,3,2-3,2021,A
2022-03-19,Elche CF,Valencia CF,0,1,0-1,2021,A
2022-03-19,CA Osasuna,Levante UD,3,1,3-1,2021,H
2022-03-19,Rayo Vallecano,Atletico Madrid,0,1,0-1,2021,A
2022-03-20,Espanyol Barcelona,RCD Mallorca,1,0,1-0,2021,H
2022-03-20,Cadiz CF,Villarreal CF,1,0,1-0,2021,H
2022-03-20,Celta Vigo,Real Betis,0,0,0-0,2021,D
2022-03-20,Sevilla FC,Real Sociedad,0,0,0-0,2021,D
2022-03-20,Real Madrid,FC Barcelona,0,4,0-4,2021,A
2022-04-02,Getafe CF,RCD Mallorca,1,0,1-0,2021,H
2022-04-02,Levante UD,Villarreal CF,2,0,2-0,2021,H
2022-04-02,Celta Vigo,Real Madrid,1,2,1-2,2021,A
2022-04-02,Atletico Madrid,CD Alaves,4,1,4-1,2021,H
2022-04-03,Athletic Bilbao,Elche CF,2,1,2-1,2021,H
2022-04-03,Real Betis,CA Osasuna,4,1,4-1,2021,H
2022-04-03,Granada CF,Rayo Vallecano,2,2,2-2,2021,D
2022-04-03,Valencia CF,Cadiz CF,0,0,0-0,2021,D
2022-04-03,FC Barcelona,Sevilla FC,1,0,1-0,2021,H
2022-04-04,Real Sociedad,Espanyol Barcelona,1,0,1-0,2021,H
2022-04-08,Sevilla FC,Granada CF,4,2,4-2,2021,H
2022-04-09,Cadiz CF,Real Betis,1,2,1-2,2021,A
2022-04-09,RCD Mallorca,Atletico Madrid,1,0,1-0,2021,H
2022-04-09,Villarreal CF,Athletic Bilbao,1,1,1-1,2021,D
2022-04-09,Real Madrid,Getafe CF,2,0,2-0,2021,H
2022-04-10,CA Osasuna,CD Alaves,1,0,1-0,2021,H
2022-04-10,Espanyol Barcelona,Celta Vigo,1,0,1-0,2021,H
2022-04-10,Elche CF,Real Sociedad,1,2,1-2,2021,A
2022-04-10,Levante UD,FC Barcelona,2,3,2-3,2021,A
2022-04-11,Rayo Vallecano,Valencia CF,1,1,1-1,2021,D
2022-04-15,Real Sociedad,Real Betis,0,0,0-0,2021,D
2022-04-16,Elche CF,RCD Mallorca,3,0,3-0,2021,H
2022-04-16,CD Alaves,Rayo Vallecano,1,0,1-0,2021,H
2022-04-16,Valencia CF,CA Osasuna,1,2,1-2,2021,A
2022-04-16,Getafe CF,Villarreal CF,1,2,1-2,2021,A
2022-04-17,Granada CF,Levante UD,1,4,1-4,2021,A
2022-04-17,Atletico Madrid,Espanyol Barcelona,2,1,2-1,2021,H
2022-04-17,Athletic Bilbao,Celta Vigo,0,2,0-2,2021,A
2022-04-17,Sevilla FC,Real Madrid,2,3,2-3,2021,A
2022-04-18,FC Barcelona,Cadiz CF,0,1,0-1,2021,A
2022-04-19,RCD Mallorca,CD Alaves,2,1,2-1,2021,H
2022-04-19,Real Betis,Elche CF,0,1,0-1,2021,A
2022-04-19,Villarreal CF,Valencia CF,2,0,2-0,2021,H
2022-04-20,Atletico Madrid,Granada CF,0,0,0-0,2021,D
2022-04-20,Celta Vigo,Getafe CF,0,2,0-2,2021,A
2022-04-20,CA Osasuna,Real Madrid,1,3,1-3,2021,A
2022-04-21,Espanyol Barcelona,Rayo Vallecano,0,1,0-1,2021,A
2022-04-21,Levante UD,Sevilla FC,2,3,2-3,2021,A
2022-04-21,Cadiz CF,Athletic Bilbao,2,3,2-3,2021,A
2022-04-21,Real Sociedad,FC Barcelona,0,1,0-1,2021,A
2022-04-24,FC Barcelona,Rayo Vallecano,0,1,0-1,2021,A
2022-04-29,Sevilla FC,Cadiz CF,1,1,1-1,2021,D
2022-04-30,CD Alaves,Villarreal CF,2,1,2-1,2021,H
2022-04-30,Real Madrid,Espanyol Barcelona,4,0,4-0,2021,H
2022-04-30,Valencia CF,Levante UD,1,1,1-1,2021,D
2022-04-30,Athletic Bilbao,Atletico Madrid,2,0,2-0,2021,H
2022-05-01,Elche CF,CA Osasuna,1,1,1-1,2021,D
2022-05-01,Granada CF,Celta Vigo,1,1,1-1,2021,D
2022-05-01,Rayo Vallecano,Real Sociedad,1,1,1-1,2021,D
2022-05-01,FC Barcelona,RCD Mallorca,2,1,2-1,2021,H
2022-05-02,Getafe CF,Real Betis,0,0,0-0,2021,D
2022-05-06,Levante UD,Real Sociedad,2,1,2-1,2021,H
2022-05-07,RCD Mallorca,Granada CF,2,6,2-6,2021,A
2022-05-07,Athletic Bilbao,Valencia CF,0,0,0-0,2021,D
2022-05-07,Cadiz CF,Elche CF,3,0,3-0,2021,H
2022-05-07,Celta Vigo,CD Alaves,4,0,4-0,2021,H
2022-05-07,Real Betis,FC Barcelona,1,2,1-2,2021,A
2022-05-08,Getafe CF,Rayo Vallecano,0,0,0-0,2021,D
2022-05-08,Villarreal CF,Sevilla FC,1,1,1-1,2021,D
2022-05-08,Espanyol Barcelona,CA Osasuna,1,1,1-1,2021,D
2022-05-08,Atletico Madrid,Real Madrid,1,0,1-0,2021,H
2022-05-10,Valencia CF,Real Betis,0,3,0-3,2021,A
2022-05-10,Granada CF,Athletic Bilbao,1,0,1-0,2021,H
2022-05-10,FC Barcelona,Celta Vigo,3,1,3-1,2021,H
2022-05-11,CD Alaves,Espanyol Barcelona,2,1,2-1,2021,H
2022-05-11,CA Osasuna,Getafe CF,1,1,1-1,2021,D
2022-05-11,Sevilla FC,RCD Mallorca,0,0,0-0,2021,D
2022-05-11,Elche CF,Atletico Madrid,0,2,0-2,2021,A
2022-05-12,Real Sociedad,Cadiz CF,3,0,3-0,2021,H
2022-05-12,Rayo Vallecano,Villarreal CF,1,5,1-5,2021,A
2022-05-12,Real Madrid,Levante UD,6,0,6-0,2021,H
2022-05-14,Espanyol Barcelona,Valencia CF,1,1,1-1,2021,D
2022-05-15,Athletic Bilbao,CA Osasuna,2,0,2-0,2021,H
2022-05-15,Atletico Madrid,Sevilla FC,1,1,1-1,2021,D
2022-05-15,Real Betis,Granada CF,2,0,2-0,2021,H
2022-05-15,Cadiz CF,Real Madrid,1,1,1-1,2021,D
2022-05-15,Celta Vigo,Elche CF,1,0,1-0,2021,H
2022-05-15,Getafe CF,FC Barcelona,0,0,0-0,2021,D
2022-05-15,Levante UD,CD Alaves,3,1,3-1,2021,H
2022-05-15,RCD Mallorca,Rayo Vallecano,2,1,2-1,2021,H
2022-05-15,Villarreal CF,Real Sociedad,1,2,1-2,2021,A
2022-05-20,Real Madrid,Real Betis,0,0,0-0,2021,D
2022-05-20,Rayo Vallecano,Levante UD,2,4,2-4,2021,A
2022-05-21,Valencia CF,Celta Vigo,2,0,2-0,2021,H
2022-05-22,Elche CF,Getafe CF,3,1,3-1,2021,H
2022-05-22,CD Alaves,Cadiz CF,0,1,0-1,2021,A
2022-05-22,Granada CF,Espanyol Barcelona,0,0,0-0,2021,D
2022-05-22,CA Osasuna,RCD Mallorca,0,2,0-2,2021,A
2022-05-22,FC Barcelona,Villarreal CF,0,2,0-2,2021,A
2022-05-22,Sevilla FC,Athletic Bilbao,1,0,1-0,2021,H
2022-05-22,Real Sociedad,Atletico Madrid,1,2,1-2,2021,A
